{"type":"FeatureCollection","features":[{"type":"Feature","properties":{"name":"Noe Valley"},"geometry":{"type":"MultiPolygon","coordinates":[[[[-122.42552799953599,37.75654900014145],[-122.42538600054415,37.75512199986213],[-122.42545699985786,37.75502900002869],[-122.42537800019207,37.75494499996147],[-122.4252360001552,37.753518999579796],[-122.42530300041265,37.75343199966673],[-122.42522799991362,37.75335600010854],[-122.4251550002187,37.75262700011407],[-122.42508600032808,37.7519289997931],[-122.42515300046206,37.75184199992317],[-122.42506600008569,37.751724000179415],[-122.42500899996891,37.75114899988009],[-122.4250759994601,37.751032999614644],[-122.42498700036532,37.75092600033739],[-122.42492999960164,37.750349000140226],[-122.42499899951841,37.75023299966144],[-122.42490799952544,37.75012500021116],[-122.4248690001743,37.74972499975222],[-122.42485099998963,37.749547999897295],[-122.42492299965825,37.749435000176305],[-122.42483000006217,37.749330999611075],[-122.42477299989831,37.748752000300456],[-122.42484500009398,37.748633000253214],[-122.4249180003796,37.74851200022902],[-122.42486299991823,37.74793900009896],[-122.42476800004648,37.74782999973639],[-122.42458399978253,37.74784700003709],[-122.422877999512,37.74794800028456],[-122.42248700031783,37.74801299971173],[-122.42230000034134,37.74807000014725],[-122.42139299943432,37.748123999718075],[-122.42138499991232,37.748032000036055],[-122.42132799967008,37.747441999973304],[-122.4214059998995,37.74723100032506],[-122.4217039997731,37.74641200038866],[-122.4219179996614,37.74582599989622],[-122.4222179997573,37.7455790004077],[-122.42228300004213,37.74548200044831],[-122.4222760002628,37.74534800011318],[-122.4222930000631,37.74518400040858],[-122.42236899979645,37.74495899965703],[-122.42243899977842,37.74475900020709],[-122.42270599971118,37.74403999959167],[-122.42266899981304,37.74394199962101],[-122.42276299974777,37.743855000171756],[-122.42304299970598,37.743114000287],[-122.42330199943498,37.74242599989265],[-122.42328600002556,37.74229499968971],[-122.42423299944558,37.74223599985977],[-122.42581399981131,37.74214099964628],[-122.42651800055545,37.74209800017396],[-122.42684599974923,37.742078000290284],[-122.42787900025036,37.74201499983064],[-122.4287290001231,37.7419639998987],[-122.42891100040099,37.74195299981173],[-122.4299469996705,37.74188999966884],[-122.43088799986826,37.741833000103895],[-122.43111799965081,37.74183200039674],[-122.4320170000302,37.7417940002058],[-122.43222499980078,37.74178300037323],[-122.43244399996236,37.7417720000121],[-122.43259700048984,37.741799999882424],[-122.43278099977795,37.74189899969968],[-122.43290200041825,37.74192499973132],[-122.43325899986034,37.74190300029198],[-122.43331499990208,37.742495000225695],[-122.4333800001319,37.74317500033601],[-122.4333199998217,37.743296000012904],[-122.43462200028388,37.74321799962687],[-122.43555900050384,37.74316099982782],[-122.43553599953903,37.74269699958148],[-122.43550900029967,37.74259199968185],[-122.43546200017532,37.74227299974051],[-122.43538699991717,37.74192299968944],[-122.43542500007474,37.74168800009273],[-122.43552500026242,37.74165200009234],[-122.43562099970711,37.7415340001127],[-122.43558399943194,37.74161199976536],[-122.43579999977639,37.74210499972785],[-122.43609799982927,37.74251899970315],[-122.4364719996002,37.742886000183766],[-122.43722699971163,37.74342100011407],[-122.43751399970465,37.74359400045089],[-122.43768299962777,37.7436090000144],[-122.43773900024104,37.74372900019772],[-122.43952900045797,37.7448039999404],[-122.43976400049833,37.74497000022985],[-122.43996800004741,37.745226999832674],[-122.44008800015936,37.7452960002595],[-122.44127000052907,37.74523100024472],[-122.44127099961953,37.74504799970018],[-122.44136599968395,37.74490699958052],[-122.44171000014164,37.74462899996776],[-122.4420139996768,37.74445200020577],[-122.44227099952776,37.744375000278914],[-122.44262900041271,37.74434800026037],[-122.44264400001846,37.74419299973678],[-122.44274100053471,37.7439949998059],[-122.4428929996959,37.74384300001725],[-122.44374299951585,37.74336999967936],[-122.44390099954012,37.74330400006588],[-122.44414800043295,37.74329699968041],[-122.44436000001794,37.74336900021888],[-122.44465799961168,37.743527999633294],[-122.44521399949775,37.743688000005015],[-122.44541100035416,37.74376599971568],[-122.4455899999946,37.74390599975565],[-122.44567900048068,37.744138999842676],[-122.44573299949136,37.74441700021336],[-122.44578500008029,37.74465199995022],[-122.44586599967134,37.74480500028582],[-122.44602599978943,37.74513399978229],[-122.44617900024441,37.745314000316405],[-122.44633600014672,37.74545999978865],[-122.44642799972824,37.74551799994268],[-122.44673899968609,37.74584100025126],[-122.44681699978867,37.745950999684496],[-122.44685300036706,37.74612299984881],[-122.44728499988267,37.74605500017686],[-122.44737500017301,37.74648199962739],[-122.44739899962886,37.74659600030652],[-122.4468410000401,37.74672199960528],[-122.44664800043981,37.74675999970601],[-122.44618600047787,37.74684300038579],[-122.445414000223,37.746959999927306],[-122.44505000038191,37.74701500018902],[-122.4448470003577,37.74694499984738],[-122.44478299975225,37.74677100001814],[-122.44460299950933,37.746682999803404],[-122.44455599975649,37.746686999976696],[-122.44478599956736,37.746934000451596],[-122.44482000009147,37.746970000282424],[-122.44474000019626,37.747045000350894],[-122.44461999995602,37.747081000176934],[-122.4444259997799,37.747173999653924],[-122.44429199992841,37.74730900006488],[-122.44417199963797,37.747555999984215],[-122.44415799942378,37.74779099956025],[-122.44422100026583,37.74803100037955],[-122.44426700056876,37.74838000019947],[-122.44409300009318,37.748684999798385],[-122.4437039999254,37.749176999988485],[-122.4435529998125,37.7494429999736],[-122.44344099990067,37.75001499961938],[-122.44334700025648,37.75008299986732],[-122.4434019994389,37.75018700008987],[-122.44325500033443,37.75076899983152],[-122.44321299999193,37.7509349997421],[-122.44306199971768,37.75152799966734],[-122.44299100006589,37.751807999581416],[-122.4428469995146,37.752374999581605],[-122.44270400018068,37.75237700008091],[-122.4425250004547,37.752380000264786],[-122.4424929998051,37.75260700027166],[-122.44223899958665,37.75282999964494],[-122.44205699997075,37.75307099994561],[-122.44188599961079,37.75336499999274],[-122.44180699992246,37.75347099971224],[-122.44130699969814,37.75388000010271],[-122.44116299964715,37.75408999985466],[-122.44107600005073,37.754177999967084],[-122.44089700041769,37.754492999831264],[-122.4407680001063,37.754609000305344],[-122.44045000014961,37.7550650003461],[-122.44034500017277,37.75522799965089],[-122.44003300026426,37.75522900028922],[-122.43964700026007,37.75532000034598],[-122.43897400052286,37.75538899998785],[-122.4388640001816,37.75543399997017],[-122.43776900029317,37.755540999621765],[-122.43780299949404,37.75589300032219],[-122.43674399953092,37.75596599993106],[-122.4356419998552,37.75604100029224],[-122.43467100016494,37.75610900036617],[-122.43454599992927,37.75609299985767],[-122.43233099951755,37.756227000189924],[-122.43176999986524,37.756259999969856],[-122.43011500022777,37.75636000000088],[-122.42789200051674,37.75649399988881],[-122.42678699999324,37.7565610003719],[-122.42561200047562,37.75663099970136],[-122.42552799953599,37.75654900014145]]]]}},{"type":"Feature","properties":{"name":"Mission Bay"},"geometry":{"type":"MultiPolygon","coordinates":[[[[-122.38472992737704,37.78292541667912],[-122.38471199968441,37.78278200004782],[-122.38470952839312,37.782782609117696],[-122.38467979908197,37.782555055886185],[-122.3846797249864,37.782554418113264],[-122.38467968217819,37.782553939354216],[-122.38467964960822,37.78255346133274],[-122.3846796272307,37.78255298224715],[-122.38467961620351,37.782552502980046],[-122.3846796153917,37.78255202354972],[-122.38467962481813,37.782551544856915],[-122.38467964443701,37.78255106509992],[-122.38467967545198,37.782550586963204],[-122.38467971668227,37.78255010866319],[-122.38467976815078,37.78254963110074],[-122.38467983099252,37.78254915425765],[-122.38467990296026,37.78254867907115],[-122.3846799862784,37.78254820370316],[-122.3846800809926,37.78254772995542],[-122.38468018483287,37.78254725786421],[-122.38468029893419,37.78254678741145],[-122.38468042329654,37.78254631859699],[-122.384680559055,37.782545851402844],[-122.38468070393945,37.78254538586518],[-122.38468085910785,37.78254492286678],[-122.38468102453733,37.78254446150678],[-122.38468120027358,37.78254400358681],[-122.38468138627087,37.78254354730529],[-122.38468158255208,37.78254309356297],[-122.38468178800503,37.78254264327886],[-122.3846820037419,37.782542195533985],[-122.38468222865049,37.78254175124735],[-122.38468246382014,37.78254130859911],[-122.38468270820731,37.78254087121072],[-122.38468296287833,37.78254043636162],[-122.38468322785617,37.782540004952565],[-122.38468350089356,37.78253957792073],[-122.38468378310267,37.78253915434714],[-122.38468407564145,37.78253873511444],[-122.38468437621691,37.7825383193581],[-122.38468468712203,37.782537907942704],[-122.38468500608671,37.78253750090448],[-122.38468533426884,37.78253709912618],[-122.38468567164558,37.78253670170698],[-122.38468601705904,37.782536307764126],[-122.3846863717128,37.782535919982024],[-122.38468673442615,37.78253553657709],[-122.38468710522191,37.782535158450216],[-122.38468748523512,37.78253478558329],[-122.3846878721957,37.782534418012546],[-122.38468826723874,37.782534055719864],[-122.3846886715221,37.78253369958787],[-122.38468908272998,37.78253334785128],[-122.38468950090811,37.78253300231175],[-122.38468992719154,37.78253266295108],[-122.38469036158025,37.78253232976933],[-122.38469080293916,37.78253200278456],[-122.38469125124554,37.78253168109607],[-122.38469170654497,37.78253136650538],[-122.38469216765678,37.78253105722908],[-122.38469263689673,37.78253075503251],[-122.38469311199474,37.78253045995196],[-122.38469359406304,37.78253017106847],[-122.38469408196649,37.78252988840012],[-122.38469457572809,37.78252961284782],[-122.38469507648276,37.78252934439344],[-122.38469558309548,37.78252908305501],[-122.3846960944084,37.78252882794994],[-122.38469661160224,37.78252858086177],[-122.38469713465417,37.78252834088963],[-122.38469766240628,37.78252810715077],[-122.38469819492714,37.78252788234779],[-122.38469873214817,37.782527663778126],[-122.38469927522729,37.78252745232447],[-122.38469982194009,37.782527249824874],[-122.38470037335308,37.78252705355858],[-122.38470092839985,37.78252686624625],[-122.38470148816961,37.78252668606813],[-122.38470205155024,37.78252651394316],[-122.3847026185189,37.78252634897052],[-122.38470319023342,37.782526192032854],[-122.38470376328874,37.78252604318469],[-122.38470434108999,37.78252590237152],[-122.38470492136702,37.78252576962965],[-122.38470550525493,37.78252564494089],[-122.38470609048363,37.782525528341644],[-122.38470667818815,37.78252541981368],[-122.38470726952642,37.7825253202397],[-122.38470786218258,37.78252522785432],[-122.38470845617954,37.78252514355841],[-122.38470905267519,37.782525068234634],[-122.3847096505117,37.78252500100032],[-122.38471024968891,37.782524941855456],[-122.38471085020694,37.78252489080001],[-122.38471145206574,37.78252484783404],[-122.387509160359,37.78234682529043],[-122.38752825431673,37.782344793784326],[-122.38754109275227,37.782343652786814],[-122.38755395501634,37.78234268984594],[-122.38756683659187,37.78234190593527],[-122.38778795315578,37.78227487087461],[-122.38775494281798,37.781795801623694],[-122.38556302220545,37.781935495768046],[-122.3855620037738,37.7819355444996],[-122.38556144552301,37.781935560637486],[-122.3855608859314,37.78193556868597],[-122.38556032729184,37.7819355695095],[-122.3855597684464,37.781935562225485],[-122.38555920939517,37.781935546833836],[-122.38555865129598,37.78193552421728],[-122.38555809299088,37.781935493493144],[-122.38555753563793,37.78193545554407],[-122.38555698034912,37.781935409451144],[-122.3855564248545,37.78193535525059],[-122.38555587146982,37.781935294707836],[-122.38555531899149,37.78193522513848],[-122.3855547686002,37.78193514832606],[-122.38555421916095,37.781935064288774],[-122.38555367294387,37.781934972990214],[-122.38555312763309,37.78193487266512],[-122.3855525855901,37.781934766880475],[-122.38555204445348,37.78193465206924],[-122.385551507674,37.78193452997862],[-122.3855509729816,37.781934400644964],[-122.38555044037628,37.78193426406825],[-122.38554991212813,37.78193412021221],[-122.38554938596701,37.781933969113034],[-122.38554886414016,37.78193380983373],[-122.38554834555833,37.781933644194],[-122.38554783133365,37.78193347127494],[-122.38554732033106,37.78193329109465],[-122.38554681370847,37.781933104535845],[-122.38554631028516,37.78193290981499],[-122.38554581237688,37.78193270869746],[-122.38554531884859,37.781932501201446],[-122.38554482854244,37.78193228644415],[-122.38554434488636,37.78193206527207],[-122.38554386558741,37.781931836820654],[-122.38554339066846,37.781931601990685],[-122.3855429212645,37.78193136076405],[-122.38554245848785,37.781931112221756],[-122.385541998979,37.781930858219916],[-122.38554154725527,37.78193059778513],[-122.38554109991149,37.781930330971825],[-122.38554065924073,37.78193005864453],[-122.38554022408498,37.78192977992056],[-122.38553979557933,37.78192949478178],[-122.38553937374657,37.78192920412899],[-122.38553895742885,37.78192890707957],[-122.38553854891911,37.781928604498],[-122.38553814597019,37.78192829732147],[-122.38553774967136,37.78192798373006],[-122.38553736118044,37.78192766460655],[-122.38553697938538,37.78192734086995],[-122.38553660537535,37.78192701070031],[-122.38553623808404,37.781926676818415],[-122.3855358774428,37.781926336521686],[-122.38553552579032,37.78192599247633],[-122.38553518194577,37.78192564289888],[-122.38553484479708,37.78192528870826],[-122.38553451547918,37.78192492988639],[-122.38553419399217,37.78192456643325],[-122.38553388149387,37.781924199231455],[-122.3855335768264,37.78192382739843],[-122.38553328001267,37.78192345183491],[-122.38553299102973,37.781923071640136],[-122.38553271103558,37.78192268769678],[-122.38553244000728,37.78192229910394],[-122.38553217685556,37.78192190768154],[-122.3855319226926,37.781921512510536],[-122.38553167751833,37.78192111359091],[-122.38553144022066,37.781920711841714],[-122.38553121191177,37.78192030634392],[-122.38553099377235,37.78191989888105],[-122.38553078348664,37.78191948768773],[-122.3855305833247,37.7819190727277],[-122.38553039106223,37.78191865583887],[-122.38553020896927,37.78191823698503],[-122.38553003475288,37.78191781530156],[-122.3855298706831,37.7819173907522],[-122.38552971678288,37.78191696423775],[-122.38552957078208,37.7819165357946],[-122.3855294349508,37.781916105386344],[-122.38552930928903,37.781915673013025],[-122.38552919268459,37.78191523959366],[-122.38552908511463,37.7819148042274],[-122.38552898771421,37.78191436689607],[-122.3855288993711,37.78191392851868],[-122.38552882122036,37.781913489077056],[-122.38552875214988,37.78191304949025],[-122.38552869324892,37.78191260793832],[-122.38551228452485,37.781778711799625],[-122.38492219570837,37.781810100976664],[-122.3849013887207,37.78182556764347],[-122.38485832314295,37.78179935144594],[-122.38489345186751,37.78176347773796],[-122.38491605860395,37.78177691292424],[-122.38550777148988,37.781741879443686],[-122.38549092315762,37.7816043954046],[-122.38549086569533,37.78160387632563],[-122.38549082833735,37.781603433528],[-122.38549080003669,37.78160298968426],[-122.3854907819741,37.78160254657799],[-122.38549077296888,37.781602102425715],[-122.38549077420168,37.78160165901086],[-122.38549078564971,37.781601215432666],[-122.38549080617794,37.78160077170923],[-122.38549083580916,37.78160032874145],[-122.38549087681353,37.78159988649296],[-122.38549092576305,37.781599444117425],[-122.38549098610856,37.781599003362075],[-122.3854910555571,37.781598563362316],[-122.3854911341087,37.7815981241182],[-122.38549122289834,37.78159768561157],[-122.38549132081395,37.7815972487614],[-122.38549142899049,37.78159681354954],[-122.38549154627009,37.781596379093315],[-122.38549167269846,37.78159594719441],[-122.38549180938779,37.781595516933805],[-122.38549195520301,37.78159508832966],[-122.38549211016704,37.781594662282906],[-122.38549227541488,37.78159423877526],[-122.38549244978866,37.78159381692406],[-122.38549263217621,37.78159339764838],[-122.38549282484757,37.78159298091182],[-122.38549302553271,37.78159256675074],[-122.38549323652451,37.78159215602968],[-122.3854934555301,37.78159174788406],[-122.38549368484236,37.781591343178484],[-122.38549392216835,37.781590941048336],[-122.38549416755393,37.78159054329535],[-122.38549442322328,37.78159014808154],[-122.38549468579424,37.78158975636217],[-122.38549495869479,37.7815893689837],[-122.38549523849692,37.781588985099674],[-122.38549552749362,37.78158860557462],[-122.38549582452691,37.781588229525866],[-122.38549613075473,37.78158785783612],[-122.38549644390706,37.78158749054174],[-122.38549676623109,37.78158712670548],[-122.3854970955253,37.78158676906618],[-122.3854974328562,37.78158641490322],[-122.38549777713439,37.781586066036404],[-122.38549813060709,37.781585721528586],[-122.38549849102725,37.78158538231692],[-122.3854988583947,37.78158504840141],[-122.38549923268664,37.78158471888122],[-122.38549961508384,37.781584395539845],[-122.38550000440551,37.781584076593774],[-122.38550040069747,37.78158376384471],[-122.38550080277881,37.7815834555091],[-122.3855012129883,37.781583154253184],[-122.38550162901015,37.78158285831152],[-122.38550205197937,37.78158256766606],[-122.38550248078376,37.78158228323573],[-122.38550291655838,37.78158200500235],[-122.38550335701032,37.78158173210147],[-122.38550380443247,37.78158146539758],[-122.38550425771271,37.78158120580968],[-122.3855047168053,37.78158095153607],[-122.38550518062091,37.78158070439658],[-122.38550565027177,37.781580463472245],[-122.38550612464567,37.781580229682085],[-122.3855066048319,37.7815800012062],[-122.38550708976408,37.781579780765284],[-122.38550757823849,37.781579565674996],[-122.38550807372891,37.78157935858338],[-122.38550857167233,37.78157915866219],[-122.38550907431595,37.7815789649743],[-122.38550958165973,37.78157877751969],[-122.38551009261442,37.78157859811824],[-122.38551060829224,37.78157842585095],[-122.3855111264001,37.78157825985323],[-122.38551164925394,37.78157810189054],[-122.38551217569578,37.78157795108006],[-122.38551270459062,37.78157780744009],[-122.38551323593855,37.781577670970535],[-122.3855137708973,37.78157754255413],[-122.38551430944412,37.78157742128998],[-122.38551484930893,37.78157730721446],[-122.3855153916496,37.78157720121024],[-122.3855159364204,37.781577101475605],[-122.38551648366717,37.78157700981226],[-122.38551703338972,37.78157692622018],[-122.38551758331819,37.78157685073571],[-122.38551813569963,37.78157678242166],[-122.38551868939908,37.78157672129625],[-122.3855192444165,37.78157666735941],[-122.38551980079765,37.781576622412864],[-122.38552035849678,37.78157658465489],[-122.38762897777663,37.781450702135395],[-122.38758367744241,37.78096453426625],[-122.38747641187533,37.78097067203748],[-122.38746683657239,37.780979479655],[-122.38747852345067,37.781102768245596],[-122.38746126659075,37.78110375557561],[-122.38744957976384,37.78098046788416],[-122.38743844798992,37.780972844321504],[-122.38734669877256,37.7809780928063],[-122.38733712461118,37.780986901295925],[-122.38734881127527,37.78111018989924],[-122.3873315544119,37.78111117721026],[-122.38731986777628,37.78098788860524],[-122.38730873487957,37.780980265048534],[-122.38721542551414,37.780985603293225],[-122.3872058513363,37.780994411772184],[-122.38721753778367,37.78111770038837],[-122.38720028091679,37.78111868768014],[-122.3871885944979,37.78099539906231],[-122.38717746161349,37.7809877754932],[-122.38707850919744,37.780993437371556],[-122.38706893384439,37.78100224495673],[-122.38708062006575,37.78112553358627],[-122.38706336319524,37.78112652085804],[-122.38705167813737,37.781003232208604],[-122.38704054528877,37.780995609527444],[-122.38694656237362,37.78100098537586],[-122.38693698702684,37.781009793851155],[-122.38694867189537,37.78113308251178],[-122.38693141615634,37.78113406974608],[-122.38691973018132,37.78101078110191],[-122.38690859845723,37.7810031574893],[-122.38682172237175,37.78100812750191],[-122.38681214700922,37.78101693596704],[-122.3868238328067,37.78114022462171],[-122.38680657706436,37.78114121183773],[-122.38679489129541,37.78101792318134],[-122.38678375847094,37.78101030047596],[-122.38668617335658,37.78101588246465],[-122.38667659797702,37.78102469091875],[-122.38668828355065,37.7811479795867],[-122.3866710266697,37.78114896680103],[-122.38665934225956,37.78102567811323],[-122.38664820942495,37.781018054494204],[-122.38655285793313,37.78102350870492],[-122.38654328367176,37.78103231713002],[-122.38655496789033,37.781155605829206],[-122.38653771214084,37.781156593005825],[-122.38652602681576,37.781033304323174],[-122.38651489399369,37.78102568069156],[-122.38642100740996,37.78103105187472],[-122.38641143199699,37.7810398603073],[-122.3864231171329,37.78116314900118],[-122.3864058602449,37.78116413617673],[-122.38639417627249,37.78104084746297],[-122.38638304346283,37.78103322381895],[-122.38629100612306,37.78103848870683],[-122.38628222851354,37.78104567119847],[-122.38629311559211,37.78117058493459],[-122.38627585870069,37.781171572091104],[-122.38626417380787,37.781048283382795],[-122.38625304103331,37.78104066062735],[-122.38615672802096,37.78104617045483],[-122.38614715255181,37.78105497796505],[-122.38615883611645,37.78117826670297],[-122.38614158035648,37.781179253821634],[-122.3861298956853,37.78105596510023],[-122.3861187640355,37.78104834141308],[-122.38602867117176,37.78105349477992],[-122.3860190957093,37.78106230318056],[-122.38603078019757,37.781185591912845],[-122.38601352443416,37.78118657901281],[-122.38600183997443,37.78106329027883],[-122.38599070720167,37.7810556665978],[-122.38588874995037,37.781061499008906],[-122.38587917444745,37.781070306497334],[-122.38589085756968,37.78119359526146],[-122.38587360180253,37.781194582340916],[-122.3858619175738,37.78107129359329],[-122.38585078597211,37.78106367078173],[-122.38576439162304,37.781068612480595],[-122.38575481610448,37.78107741995892],[-122.3857665001564,37.78120070871703],[-122.38574924325097,37.78120169579647],[-122.38573755922752,37.78107840703663],[-122.38572642763751,37.78107078421335],[-122.38563126877982,37.78107622738578],[-122.38562169324449,37.78108503485329],[-122.38563337707667,37.78120832362442],[-122.38561612016768,37.781209310684375],[-122.385604436364,37.7810860219115],[-122.38559330476365,37.781078398174856],[-122.38549758803087,37.78108387269177],[-122.38548801250158,37.78109268104923],[-122.38549969611304,37.78121596983348],[-122.38548243920053,37.78121695687384],[-122.38547075561753,37.78109366808793],[-122.38545962289474,37.781086044356776],[-122.38536211585168,37.7810916221954],[-122.38535254028247,37.78110042964102],[-122.38536422253527,37.78122371845667],[-122.38534696675414,37.78122470545904],[-122.3853352833948,37.78110141665989],[-122.38532415068471,37.78109379291595],[-122.38522968682352,37.781099196711835],[-122.38522011123762,37.7811080041467],[-122.3852317932718,37.781231292975306],[-122.38521453748716,37.78123227995829],[-122.38520285434643,37.78110899114619],[-122.38519172164884,37.781101367389795],[-122.38509656384781,37.78110681011249],[-122.38508698826801,37.78111561843735],[-122.38509867121745,37.78123890726083],[-122.38508141427138,37.78123989334164],[-122.38506973137329,37.78111660541735],[-122.38505859868818,37.78110898164836],[-122.38496500100275,37.78111433443258],[-122.38495542540636,37.78112314274679],[-122.38496710813862,37.78124643158311],[-122.38494985121193,37.78124741854554],[-122.38493816850816,37.7811241297075],[-122.38492703697048,37.781116505907974],[-122.38483353451592,37.78112185346014],[-122.38482396003799,37.78113066174551],[-122.38483564141819,37.781253950612815],[-122.38481838562303,37.78125493753786],[-122.38479226024761,37.78097922910604],[-122.38480951713694,37.7809782430675],[-122.38482058684602,37.781095060218625],[-122.38483171834672,37.7811026831274],[-122.38492522077726,37.781097335576675],[-122.38493479526176,37.7810885281839],[-122.38492372650904,37.7809717110252],[-122.38494098334915,37.7809707231657],[-122.38495205215175,37.781087541223634],[-122.3849631847998,37.78109516410185],[-122.38505678246119,37.78108981131908],[-122.3850663580413,37.78108100299659],[-122.38505528794781,37.78096418586822],[-122.38507254480729,37.780963198890305],[-122.3850836149278,37.781080016017114],[-122.38509474647604,37.781087639801896],[-122.38518990538769,37.781082197062496],[-122.38519948097385,37.78107338963006],[-122.38518841067213,37.78095657251399],[-122.38520566752807,37.78095558551663],[-122.38521673783394,37.78107240173023],[-122.3852278694176,37.781080026403316],[-122.38532233438957,37.78107462259067],[-122.38533190995909,37.78106581514746],[-122.3853208394502,37.78094899804372],[-122.38533809630265,37.78094801102697],[-122.38534916683847,37.78106482812911],[-122.38536029838887,37.78107245098803],[-122.3854578065877,37.781066874934446],[-122.38546738211724,37.78105806657937],[-122.38545631253145,37.780941249470004],[-122.38547356824529,37.78094026245157],[-122.38548463899305,37.781057079541156],[-122.38549577171408,37.78106470326996],[-122.3855914883994,37.78105922785366],[-122.38560106279998,37.78105042040672],[-122.38558999300508,37.78093360330977],[-122.38560724871539,37.780932616271755],[-122.38561831964938,37.78104943244811],[-122.38562945238297,37.781057056164364],[-122.38572461008124,37.781051613011506],[-122.38573418560004,37.7810428055356],[-122.3857231155969,37.78092598845099],[-122.38574037130365,37.780925001393484],[-122.38575144246879,37.78104181845837],[-122.38576257407988,37.78104944218016],[-122.38584896840673,37.78104450048262],[-122.38585854388704,37.781035692095756],[-122.38584747368941,37.78091887502265],[-122.38586472939284,37.78091788794697],[-122.38587580075247,37.78103470500031],[-122.38588693237524,37.78104232871036],[-122.38598888960038,37.78103649630081],[-122.38599846622097,37.781027688785265],[-122.38598739466944,37.780910871743274],[-122.38600465150415,37.78090988462897],[-122.38601572192474,37.78102670078666],[-122.38602685471864,37.78103432536623],[-122.38611694640137,37.78102917111806],[-122.3861265218479,37.78102036270941],[-122.38611545125397,37.780903546561994],[-122.38613270695028,37.78090255944711],[-122.3861437787062,37.78101937557476],[-122.38615491148921,37.781026999241384],[-122.38625122449974,37.7810214903162],[-122.38626079992935,37.78101268189664],[-122.38624972910249,37.780895864860796],[-122.38626698593023,37.78089487770809],[-122.38627805678408,37.781011694742304],[-122.38628918957974,37.78101931839629],[-122.38638122576084,37.78101405352795],[-122.38639080117412,37.781005245097816],[-122.38637973014391,37.78088842807402],[-122.3863969869682,37.780887440902305],[-122.3864080580254,37.78100425792446],[-122.38641919083327,37.781011881566194],[-122.38651307739289,37.78100651038444],[-122.38652265281239,37.78099770284442],[-122.38651158044097,37.78088088585102],[-122.38652883726174,37.78087989865999],[-122.38653990852514,37.78099671566992],[-122.38655104132258,37.78100433839834],[-122.38664639165489,37.780998884207236],[-122.38665596816975,37.780990075737385],[-122.38664489558981,37.780873258756365],[-122.38666215240704,37.7808722715458],[-122.38667322387899,37.78098908854341],[-122.38668435671181,37.78099671216009],[-122.38678194177821,37.78099112927206],[-122.38679151602884,37.78098232172834],[-122.3867804443719,37.78086550474174],[-122.38679770118554,37.78086451751133],[-122.38680877286946,37.78098133449637],[-122.3868199057151,37.780988958100245],[-122.38690678062032,37.78098398720628],[-122.3869163559903,37.78097517963426],[-122.38690528413802,37.780858362659245],[-122.38692253981334,37.78085737542871],[-122.3869336128276,37.78097419238397],[-122.38694474454987,37.780981815994295],[-122.38703872855304,37.78097643922833],[-122.38704830274845,37.780967630762866],[-122.38703723068978,37.78085081380008],[-122.3870544874966,37.78084982653208],[-122.38706555958225,37.78096664349331],[-122.38707669245198,37.78097426707297],[-122.38717564484263,37.780968605196165],[-122.38718522015581,37.780959796701396],[-122.38717414677092,37.78084298067029],[-122.38719140357408,37.7808419933823],[-122.38720247700883,37.780958810312654],[-122.38721360875643,37.780966433897554],[-122.387306918075,37.780961094753465],[-122.38731649339451,37.780952287148914],[-122.38730541978136,37.780835470229135],[-122.38732267655814,37.78083448202105],[-122.38733375022119,37.78095129984009],[-122.38734488195824,37.78095892251178],[-122.38743663112915,37.780953673127556],[-122.38744620529735,37.78094486553063],[-122.38743513261633,37.78082804860471],[-122.38745238827754,37.78082706129665],[-122.38746346212056,37.78094387820283],[-122.38747459502771,37.780951501744944],[-122.38758188811829,37.780945331090685],[-122.38753978775544,37.78049350391952],[-122.38752867021479,37.78048590176692],[-122.38744187755555,37.78049104664756],[-122.38743224050316,37.7804998795852],[-122.38744124736576,37.780603413309095],[-122.38742744496835,37.7806042317795],[-122.38741843698986,37.780500698072714],[-122.38740737046709,37.78049309238849],[-122.38733140748214,37.78049759608467],[-122.3873217715508,37.78050642899509],[-122.3873307782602,37.78060996272726],[-122.38731697583748,37.78061078028392],[-122.38730796917002,37.78050724745148],[-122.38729690149974,37.78049964087423],[-122.38720800230284,37.78050491122763],[-122.38719836635583,37.78051374412794],[-122.38720737289418,37.78061727786945],[-122.38719357049155,37.78061809631244],[-122.38718456397235,37.78051456256992],[-122.38717349633649,37.780506956881936],[-122.38708267312313,37.780512340849945],[-122.3870730371832,37.78052117464084],[-122.38708204352483,37.780624707490965],[-122.38706824111947,37.780625525919305],[-122.38705923366199,37.78052199308632],[-122.38704816714996,37.78051438646757],[-122.38696513171377,37.780519308639704],[-122.38695549462392,37.78052814243919],[-122.38696450196048,37.780631676180775],[-122.38695069955251,37.78063249459537],[-122.38694169221222,37.780528959951866],[-122.386930625757,37.78052135512377],[-122.38685264800564,37.78052597727334],[-122.3868430120137,37.78053481014459],[-122.38685201805923,37.78063834391281],[-122.38683821564877,37.78063916231423],[-122.38682920962239,37.78053562854497],[-122.38681814199688,37.78052802192278],[-122.38673649540232,37.78053286222628],[-122.38672685826064,37.780541695106194],[-122.38673586414514,37.78064522888315],[-122.38672206173213,37.78064604727098],[-122.38671305586682,37.780542513492925],[-122.38670198827508,37.780534907760725],[-122.38661859565505,37.78053985072473],[-122.38660895849848,37.78054868359499],[-122.38661796421945,37.78065221738083],[-122.38660416180385,37.78065303575487],[-122.38659515610202,37.78054950196799],[-122.38658408965627,37.78054189620655],[-122.38649984559186,37.7805468905621],[-122.3864902095552,37.780555723404476],[-122.38649921397652,37.780659257217415],[-122.38648541153539,37.78066007467671],[-122.38647640599824,37.78055654088085],[-122.38646533958651,37.78054893600912],[-122.38638405003834,37.78055375323164],[-122.38637441287491,37.78056258698355],[-122.3863834182707,37.78066612078707],[-122.3863696158499,37.78066693913365],[-122.38636061047333,37.78056340532906],[-122.38634954402666,37.78055579864481],[-122.38626650852079,37.78056072122578],[-122.3862568713196,37.78056955406724],[-122.38626587768738,37.780673087861416],[-122.38625207412902,37.78067390621239],[-122.38624306891536,37.780570372398955],[-122.38623200250265,37.78056276660451],[-122.38614301355764,37.780568040291996],[-122.38613337636376,37.78057687402418],[-122.38614238256022,37.7806804078277],[-122.3861285801342,37.78068122614603],[-122.38611957509181,37.78057769232333],[-122.38610850755559,37.78057008653547],[-122.38602318971944,37.78057514278826],[-122.38601355248744,37.78058397560979],[-122.38602255854069,37.78068751032317],[-122.3860087549541,37.78068832774478],[-122.38599975007787,37.78058479391307],[-122.38598868368784,37.78057718809581],[-122.3859010824702,37.780582380821805],[-122.38589144635777,37.7805912136152],[-122.38590045106089,37.780694746554225],[-122.38588664751735,37.78069556576323],[-122.38587764281051,37.78059203192234],[-122.38586657643191,37.78058442609363],[-122.3857850181296,37.78058925981785],[-122.38577538086743,37.780598092619904],[-122.38578438656754,37.78070162645033],[-122.38577058413357,37.78070244472677],[-122.3857615784526,37.7805989108953],[-122.38575051206199,37.780591304154825],[-122.38566895376742,37.780596138699636],[-122.38565931649059,37.780604971492195],[-122.38566832202973,37.78070850533136],[-122.38565451845821,37.78070932361236],[-122.38564551407326,37.78060578975396],[-122.38563444771638,37.78059818390348],[-122.385555171661,37.78060288273382],[-122.38554553550479,37.780611715498914],[-122.38555453972825,37.780715248463956],[-122.38554073731208,37.78071606761433],[-122.38553173308489,37.78061253374736],[-122.3855206655808,37.78060492700353],[-122.38543422866988,37.78061005029294],[-122.38542459249832,37.78061888304815],[-122.38543359657693,37.78072241692314],[-122.38541979413529,37.78072323515851],[-122.38541078894077,37.780619701300594],[-122.38539972260587,37.7806120954281],[-122.3853113605389,37.78061733232578],[-122.38530172321677,37.78062616508908],[-122.38531072826005,37.78072969895521],[-122.38529692581565,37.78073051717619],[-122.38528792079151,37.78062698330901],[-122.38527685446815,37.780619377425005],[-122.38519189479251,37.78062441202651],[-122.38518225745527,37.78063324478004],[-122.38519126119787,37.7807367786733],[-122.38517745875085,37.780737596880265],[-122.38516845505022,37.78063406388683],[-122.38515738758014,37.78062645710892],[-122.3850798585912,37.78063105198133],[-122.38507022123976,37.78063988472568],[-122.38507922596197,37.780743418609234],[-122.38506542237748,37.780744236821235],[-122.3850564188094,37.78064070291853],[-122.38504535250763,37.780633097012796],[-122.38496021254012,37.780638142440424],[-122.3849505763086,37.78064697515684],[-122.3849595797299,37.780750509067545],[-122.38494577727775,37.78075132724743],[-122.38493677274056,37.780647793353815],[-122.38492570645005,37.78064018743688],[-122.38484593485506,37.780644915340666],[-122.38483610125472,37.780653756610135],[-122.38484262617456,37.78075744009926],[-122.38481846449534,37.780758871781714],[-122.38480379060503,37.78052571741627],[-122.3848279521858,37.78052428483588],[-122.38483369820773,37.78061557743187],[-122.38484456851747,37.78062320181106],[-122.38492382726484,37.780618579437935],[-122.38493346599455,37.78060975569582],[-122.38492552937961,37.780518501730974],[-122.38493933181158,37.780517684454296],[-122.38494726876347,37.780608951030025],[-122.38495833643809,37.78061656683611],[-122.3850434817753,37.780611599728786],[-122.38505312051275,37.78060277687772],[-122.38504517526415,37.78051141220776],[-122.3850589776706,37.78051059401621],[-122.3850669243912,37.78060197127892],[-122.38507799207709,37.78060958707379],[-122.38515552741313,37.780605064197545],[-122.38516516500137,37.78059624135546],[-122.38515721015312,37.78050477230391],[-122.3851710125571,37.78050395409924],[-122.3851789688774,37.780595435743535],[-122.38519003657376,37.780603051527905],[-122.38527500388966,37.78059809521044],[-122.38528464146282,37.780589272358554],[-122.38527667682251,37.780497691719184],[-122.38529047924673,37.78049687440141],[-122.38529844533626,37.78058846673263],[-122.38530951304388,37.78059608250584],[-122.38539788170682,37.78059092751371],[-122.38540751926449,37.78058210465177],[-122.38539954475898,37.78049040972228],[-122.38541334718052,37.78048959239013],[-122.38542132313525,37.78058129901151],[-122.38543239085435,37.780588914773126],[-122.3855188343392,37.78058387248838],[-122.3855284729937,37.78057504869757],[-122.38552048755864,37.78048324219859],[-122.38553428995462,37.780482423951426],[-122.38554227574974,37.78057424396214],[-122.38555334348018,37.78058185971243],[-122.38563262592879,37.78057723467997],[-122.38564226343391,37.78056841089798],[-122.38563426950788,37.780476499098604],[-122.38564807190131,37.78047568083809],[-122.38565606732249,37.78056760613103],[-122.38566713390574,37.780575220987956],[-122.38574869866171,37.780570462943565],[-122.38575833617507,37.780561640052944],[-122.38575033368625,37.78046962025081],[-122.38576413607717,37.78046880197672],[-122.38577214117323,37.780560834353395],[-122.38578320779025,37.780568450100326],[-122.38586477366641,37.78056369195745],[-122.3858744111651,37.7805548690573],[-122.38586639782031,37.78046274038793],[-122.3858802002086,37.780461922100244],[-122.3858882138907,37.78055406338049],[-122.38589928165365,37.78056167909836],[-122.38598688946881,37.780556568277845],[-122.38599652808705,37.78054774534955],[-122.38598850489907,37.780455503290966],[-122.38600230728476,37.78045468498899],[-122.38601033194504,37.78054693964033],[-122.3860213997194,37.78055455534672],[-122.38610672406247,37.780549577395966],[-122.38611636153055,37.78054075447603],[-122.38610832854766,37.780448400829805],[-122.38612213093064,37.78044758251381],[-122.38613016538595,37.78053994875279],[-122.3861412331716,37.780547564447936],[-122.38623022871417,37.78054237266597],[-122.3862398661438,37.78053354883509],[-122.38623182331523,37.780441081799765],[-122.38624562569554,37.7804402634693],[-122.3862536700194,37.780532743998165],[-122.38626473779374,37.78054035878091],[-122.38634777867262,37.78053551452014],[-122.38635741722238,37.78052669066147],[-122.38634936464672,37.78043411384006],[-122.38636316702443,37.780433295495826],[-122.38637122109544,37.78052588581078],[-122.38638228890366,37.780533501483376],[-122.38646358484615,37.780528758058615],[-122.38647322226916,37.78051993510947],[-122.38646515999405,37.78042725030355],[-122.38647896236922,37.78042643194581],[-122.38648702611682,37.78051912934439],[-122.38649809280095,37.78052674502428],[-122.38658234339641,37.78052182987156],[-122.38659198193946,37.780513006894545],[-122.38658390989218,37.78042021140184],[-122.38659771226469,37.78041939303016],[-122.38660578578457,37.78051220111559],[-122.38661685245687,37.78051981588347],[-122.38670025269764,37.780514950302425],[-122.38670989009076,37.78050612733392],[-122.38670180831777,37.78041322295608],[-122.38671561182275,37.78041240455242],[-122.38672369395618,37.78050532244202],[-122.3867347617746,37.78051293718066],[-122.38681641596773,37.78050817335927],[-122.38682605332329,37.780499349480415],[-122.38681796184939,37.780406337118144],[-122.38683176421674,37.780405518719085],[-122.38683985718616,37.78049854457491],[-122.38685092503839,37.78050616020351],[-122.38692890800509,37.78050161006809],[-122.38693854534638,37.78049278618005],[-122.3869304454023,37.7803996694183],[-122.38694424776722,37.78039885100604],[-122.38695234920684,37.78049198126133],[-122.38696341706962,37.7804995968794],[-122.38704645896951,37.780494751207506],[-122.38705609631883,37.78048592821066],[-122.38704798662559,37.780392701663],[-122.38706178898791,37.78039188323697],[-122.38706990015385,37.78048512237739],[-122.38708096802765,37.78049273798441],[-122.38717179904394,37.780487438606144],[-122.3871814363546,37.78047861469822],[-122.38717331560689,37.78038527207736],[-122.38718711796646,37.78038445363668],[-122.38719524020976,37.78047780975107],[-122.38720630807244,37.780485424445494],[-122.38729521389229,37.78048023689832],[-122.38730485121016,37.78047141388113],[-122.38729672056796,37.78037795606969],[-122.38731052405981,37.78037713759644],[-122.38731865503979,37.780470608018746],[-122.38732972293697,37.78047822360242],[-122.38740569111582,37.78047379101946],[-122.3874153284198,37.780464967993275],[-122.38740718935438,37.78037140758398],[-122.38742099170881,37.780370589115954],[-122.38742913224701,37.7804641621179],[-122.38744020015451,37.780471777691226],[-122.38752688260095,37.78046672019096],[-122.38753646997228,37.780457898855204],[-122.38749908212806,37.78005663879775],[-122.38748799788273,37.780049003665205],[-122.38740118361419,37.780053903741226],[-122.38739150731402,37.780062709367876],[-122.38740004915165,37.78016626766888],[-122.38738624244553,37.78016704745274],[-122.38737770062707,37.78006348915076],[-122.38736666858021,37.78005585227016],[-122.38729068579089,37.78006013997413],[-122.38728100947681,37.7800689455917],[-122.38728955229614,37.78017250388244],[-122.38727574558773,37.780173283653355],[-122.38726720392253,37.78006972534349],[-122.38725617075117,37.78006208847073],[-122.38716724977567,37.78006710681192],[-122.38715757344607,37.78007591241928],[-122.3871661149591,37.78017947073704],[-122.38715230938307,37.780180250475304],[-122.3871437667542,37.78007669217479],[-122.38713273472948,37.780069055272314],[-122.38704188847731,37.78007418184056],[-122.38703221213191,37.78008298743766],[-122.38704075347101,37.78018654576434],[-122.38702694789234,37.780187325487965],[-122.38701840657248,37.7800837671603],[-122.38700737340167,37.780076129363444],[-122.38692272907193,37.78008152606827],[-122.38691464138674,37.78008962311146],[-122.38692318256265,37.7801931814465],[-122.38690937582366,37.7801939602737],[-122.38690083466693,37.78009040193762],[-122.38688980153012,37.78008276503059],[-122.38681180500954,37.78008716666477],[-122.38680212977016,37.780095972224835],[-122.38681066965492,37.780199530586074],[-122.38679686407148,37.78020031028276],[-122.38678832307092,37.78009675193871],[-122.3867772899447,37.780089115021156],[-122.38669562203565,37.780093723133305],[-122.38668594566956,37.78010252960281],[-122.38669448650518,37.78020608705335],[-122.3866806809193,37.78020686673644],[-122.38667214007994,37.78010330838403],[-122.38666110696472,37.78009567145563],[-122.38657769294963,37.7801003786243],[-122.38656801654582,37.78010918418329],[-122.38657655724073,37.78021274254307],[-122.38656275051733,37.78021352223052],[-122.38655420981875,37.780109962968865],[-122.38654317784966,37.78010232601126],[-122.38645891232729,37.780107081868636],[-122.38644923588564,37.780115886516995],[-122.38645777643855,37.78021944578614],[-122.3864439708248,37.780220224540635],[-122.38643543031388,37.78011666617138],[-122.38642439722103,37.78010902922084],[-122.38634308756205,37.780113616936376],[-122.38633341115157,37.78012242337694],[-122.3863419515209,37.780225981753475],[-122.38632814476972,37.7802267605126],[-122.38631960441958,37.78012320213507],[-122.38630857247261,37.78011556515552],[-122.38622551557184,37.780120251941135],[-122.38621584028157,37.780129058353864],[-122.38622438048772,37.780232616738836],[-122.38621057373405,37.78023339548417],[-122.38620203354708,37.78012983709823],[-122.38619100045337,37.78012219922502],[-122.38610199091835,37.78012722268341],[-122.38609231445461,37.78013602820333],[-122.38610085448938,37.780239586597084],[-122.38608704773314,37.780240365327934],[-122.38607850771753,37.780136806933214],[-122.38606747579338,37.780129169931136],[-122.38598213532791,37.78013398590168],[-122.38597245884911,37.78014279141174],[-122.38598099871756,37.780246349814036],[-122.38596719309376,37.780247128512755],[-122.38595865324453,37.78014357010941],[-122.38594762133167,37.780135933096155],[-122.38585999729312,37.78014087743143],[-122.38585032079894,37.780149682931466],[-122.38585886049782,37.78025324134252],[-122.38584505489442,37.780254020927735],[-122.38583651521463,37.78015046251572],[-122.38582548215545,37.780142824608355],[-122.3857439037476,37.78014742882529],[-122.3857342272388,37.78015623431578],[-122.38574276677664,37.78025979273509],[-122.38572896114792,37.780260571405904],[-122.38572042049424,37.78015701300372],[-122.38570938860389,37.7801493759682],[-122.38562780902379,37.78015397922213],[-122.38561813250035,37.78016278470309],[-122.38562667301208,37.780266343112565],[-122.38561286624589,37.78026712178789],[-122.38560432688837,37.780163563359324],[-122.38559329500896,37.78015592631292],[-122.38551399897318,37.78016040104173],[-122.38550432243545,37.78016920651332],[-122.38551286276636,37.780272764030066],[-122.38549905602069,37.78027354359294],[-122.38549051682105,37.78016998515623],[-122.38547948381743,37.78016234811732],[-122.38539302530828,37.78016722660145],[-122.38538334875531,37.78017603206312],[-122.38539188780618,37.78027959050749],[-122.3853780810351,37.78028036915536],[-122.38536954313834,37.78017681069186],[-122.38535851014618,37.78016917364164],[-122.38527012635592,37.7801741603283],[-122.38526044978748,37.78018296577988],[-122.38526898753283,37.78028652425115],[-122.38525518191703,37.78028730376731],[-122.385246643033,37.78018374441233],[-122.38523561118738,37.7801761073325],[-122.38515062890856,37.78018090255237],[-122.38514095232506,37.78018970799412],[-122.3851494921746,37.78029326643763],[-122.38513568542126,37.78029404595795],[-122.38512714672592,37.78019048749531],[-122.38511611373373,37.7801828495216],[-122.38503856487117,37.780187224797174],[-122.38502888829643,37.78019603113055],[-122.38503742685546,37.78029958960025],[-122.3850236212119,37.78030036818843],[-122.38501508153709,37.780196809735926],[-122.38500404971333,37.78018917263446],[-122.3849188882573,37.78019397776132],[-122.38490921164464,37.780202783184016],[-122.38491775117254,37.78030634164407],[-122.38490394439154,37.780307120236436],[-122.38489540601772,37.78020356175725],[-122.38488437420533,37.780195924644545],[-122.38480458256858,37.78020042574387],[-122.38479470861127,37.78020924062039],[-122.3848007683344,37.78031294146897],[-122.38477660052148,37.78031430475143],[-122.38476297383792,37.78008110929149],[-122.3847871415752,37.78007974601177],[-122.38479247687079,37.78017105419407],[-122.38480331270347,37.78017870976887],[-122.3848825914042,37.78017431059659],[-122.3848922694028,37.78016551506714],[-122.38488474339002,37.780074240109876],[-122.3848985489701,37.780073460637055],[-122.38490607647773,37.78016474908798],[-122.38491710967428,37.78017239608978],[-122.38500227652274,37.78016767018403],[-122.38501195450631,37.78015887464479],[-122.38500441867907,37.780067487198394],[-122.3850182242795,37.78006670861239],[-122.3850257615788,37.780158108651584],[-122.38503679476378,37.78016575474139],[-122.38511434997326,37.78016145146191],[-122.38512402680776,37.78015265593156],[-122.38511648367371,37.780061164967776],[-122.38513028924893,37.780060385467806],[-122.38513783501291,37.780151889907124],[-122.3851488670964,37.78015953690541],[-122.38523385590322,37.7801548208885],[-122.38524353269982,37.78014602444751],[-122.38523597979658,37.78005442279626],[-122.3852497853693,37.780053643282315],[-122.3852573397675,37.780145258427176],[-122.38526837299732,37.780152905396164],[-122.3853567645184,37.78014800059689],[-122.38536644132243,37.78013920504663],[-122.385358878554,37.7800474891049],[-122.3853726852591,37.78004670955841],[-122.38538024949973,37.78013843809294],[-122.385391281629,37.780146085969406],[-122.38547774668915,37.78014128758905],[-122.38548742461296,37.780132492010765],[-122.38547985200414,37.78004066267918],[-122.38549365872966,37.78003988401938],[-122.38550123165277,37.78013172506103],[-122.38551226490561,37.780139372007184],[-122.38559156735737,37.78013497197699],[-122.38560124410903,37.78012617550662],[-122.3855936630321,37.780034241775134],[-122.38560746859729,37.78003346221929],[-122.38561505116935,37.78012540944442],[-122.38562608443301,37.78013305637994],[-122.38570766933945,37.78012852964445],[-122.38571734721151,37.78011973314642],[-122.38570975643677,37.7800276914299],[-122.38572356313459,37.780026911842356],[-122.38573115426945,37.7801189670706],[-122.38574218640908,37.780126614013454],[-122.38582377241352,37.78012208627863],[-122.38583345029387,37.78011329067185],[-122.38582585093316,37.78002114005139],[-122.38583965651637,37.780020361369196],[-122.38584725621443,37.78011252460064],[-122.38585828947723,37.7801201706136],[-122.38594592011316,37.78011530818373],[-122.38595559684315,37.78010651258507],[-122.38594798877422,37.78001424855681],[-122.38596179435486,37.780013469860364],[-122.3859694038733,37.78010574558056],[-122.38598043717053,37.78011339248296],[-122.38606578305357,37.78010865663429],[-122.38607546088062,37.7800998601068],[-122.38606784303957,37.780007485391295],[-122.38608164975268,37.780006706662654],[-122.38608926793113,37.78009909398909],[-122.38610030123972,37.78010674088026],[-122.38618931855308,37.78010180111086],[-122.3861989963646,37.78009300457321],[-122.386191368655,37.78000051556734],[-122.3862051742077,37.77999973594151],[-122.38621280341259,37.780092238441014],[-122.38622383673284,37.780099885320645],[-122.38630689898368,37.78009527595431],[-122.38631657564544,37.78008647942517],[-122.38630893932377,37.779993880614654],[-122.38632274603188,37.77999310185774],[-122.38633038382599,37.78008571326106],[-122.38634141715741,37.78009336012968],[-122.38642273323349,37.780088847112694],[-122.38643240990359,37.7800800514749],[-122.38642476501742,37.779987344661286],[-122.38643857056518,37.77998656500813],[-122.38644621805886,37.780079284396344],[-122.38645725142415,37.780086932155015],[-122.38654152231963,37.78008225461776],[-122.38655120010978,37.780073458952046],[-122.38654354431638,37.77998064146936],[-122.38655734986165,37.779979861802296],[-122.3865650059926,37.780072691895924],[-122.38657603936913,37.78008033964348],[-122.38665946098197,37.78007570895691],[-122.38666913762232,37.780066913299635],[-122.38666147321534,37.779973986012365],[-122.38667527991602,37.77997320721418],[-122.38668294466062,37.78006614711238],[-122.38669397800254,37.78007379304721],[-122.38677565235221,37.78006926053442],[-122.38678533011296,37.78006046484948],[-122.38677765713994,37.77996742955918],[-122.3867914626803,37.779966649864754],[-122.3867991371259,37.78005969774775],[-122.38681017050173,37.78006734457256],[-122.3868881733955,37.78006301583518],[-122.38689784998417,37.78005421925828],[-122.38689016854102,37.77996107956819],[-122.38690397410188,37.77996030076141],[-122.38691165701776,37.78005345304425],[-122.38692269153921,37.78006109984036],[-122.3870057537033,37.78005648998169],[-122.38701543027727,37.78004769339514],[-122.38700773908492,37.779954443918676],[-122.38702154580128,37.77995366598075],[-122.38702923730841,37.78004692716735],[-122.38704027070604,37.78005457397064],[-122.38713112473808,37.780049531091244],[-122.38714080131916,37.78004073539527],[-122.38713310020732,37.77994736982699],[-122.3871469068752,37.77994659007275],[-122.38715460832478,37.78003996825193],[-122.38716564175716,37.78004761594436],[-122.38725457046758,37.78004267949033],[-122.38726424703316,37.78003388378416],[-122.38725653602678,37.77994040302489],[-122.38727034271496,37.779939624157],[-122.38727805405917,37.78003311752723],[-122.38728908745746,37.78004076340642],[-122.3873650754177,37.78003654591474],[-122.38737475310445,37.78002775018131],[-122.38736703367476,37.77993416682383],[-122.38738083922568,37.77993338796119],[-122.38738856010525,37.780026983010565],[-122.38739959355976,37.78003463068115],[-122.38748629759321,37.780029817084575],[-122.38749577553415,37.780021159720434],[-122.38746244918802,37.77966348742619],[-122.38745133023245,37.77965586906818],[-122.3873792212112,37.779660035338175],[-122.38736966665581,37.779668848928694],[-122.38737757521734,37.779750350341125],[-122.38736377131616,37.77975114810294],[-122.38735586161178,37.779669645806926],[-122.38734471093218,37.7796620297493],[-122.38727634225701,37.77966597926694],[-122.38726678766574,37.77967479194828],[-122.38727469727296,37.77975629425023],[-122.38726089336957,37.77975709199996],[-122.38725298264247,37.77967558971532],[-122.3872418330846,37.77966797272893],[-122.38717366849119,37.77967191080906],[-122.38716411390989,37.779680724382914],[-122.38717202338218,37.779762225790776],[-122.3871582194766,37.77976302352855],[-122.38715030888437,37.779681522137906],[-122.38713915933617,37.77967390514185],[-122.38706738927661,37.77967805137541],[-122.38705783352404,37.77968686405797],[-122.38706574290319,37.779768366373744],[-122.38705193899533,37.77976916409908],[-122.38704402963123,37.779687661782376],[-122.38703287895801,37.77968004479445],[-122.38696930621238,37.779683718201376],[-122.38695975044737,37.779692530875984],[-122.38696765971957,37.77977403319826],[-122.38695385578671,37.77977483001122],[-122.3869459454175,37.779693328607074],[-122.38693479588845,37.77968571159171],[-122.38686812900939,37.77968956333965],[-122.38685857323169,37.77969837600606],[-122.38686648239347,37.77977987833499],[-122.38685267848133,37.77978067603697],[-122.38684476819961,37.77969917372529],[-122.38683361754511,37.7796915567185],[-122.38676494271066,37.77969552435683],[-122.38675538691993,37.77970433701481],[-122.38676329710408,37.77978583933246],[-122.38674949205475,37.77978663704054],[-122.38674158302064,37.77970513470382],[-122.38673043237584,37.7796975176873],[-122.38665995481298,37.77970158981608],[-122.38665039900904,37.77971040246559],[-122.38665830794366,37.77979190480834],[-122.38664450402703,37.77979270248597],[-122.38663659397245,37.779711200160456],[-122.38662544447253,37.77970358311587],[-122.38655646235287,37.77970756816669],[-122.38654690540092,37.77971638082597],[-122.38655481535764,37.779797883157435],[-122.38654101141591,37.77979867992206],[-122.38653310149712,37.77971717849056],[-122.3865219508719,37.77970956145434],[-122.38645188258414,37.77971360978621],[-122.38644232675398,37.77972242241884],[-122.38645023546161,37.77980392477538],[-122.38643643154053,37.779804722428636],[-122.38642852171297,37.77972322008935],[-122.38641737223253,37.7797156030251],[-122.38635441392914,37.77971924013276],[-122.38634485695165,37.779728052775596],[-122.38635276668792,37.77980955512043],[-122.38633896276474,37.77981035276229],[-122.38633105304352,37.77972885041653],[-122.38631990246014,37.77972123426206],[-122.38624571619947,37.77972551958905],[-122.38623616034332,37.779734332204946],[-122.38624406882593,37.77981583457509],[-122.38623026487755,37.77981663130339],[-122.38622235527495,37.77973512895045],[-122.3862112058368,37.779727512767536],[-122.38615195500869,37.77973093544194],[-122.3861423991407,37.779739748050176],[-122.38615030865606,37.77982125040843],[-122.38613650357067,37.77982204714392],[-122.38612859522821,37.779740545667416],[-122.38611744464094,37.77973292859298],[-122.38604897380016,37.779736883537346],[-122.38603941794207,37.77974569703811],[-122.38604732734507,37.77982719940318],[-122.38603352341535,37.779827997009264],[-122.38602561400454,37.77974649374246],[-122.38601446344978,37.77973887755913],[-122.38594578966281,37.77974284470212],[-122.38593623261097,37.77975165641101],[-122.38594414192426,37.77983315968374],[-122.38593033796944,37.77983395637688],[-122.38592242869407,37.779752454004054],[-122.38591127814904,37.77974483781098],[-122.38584270638614,37.77974879875568],[-122.38583314934415,37.779757611357034],[-122.38584105852209,37.779839113735754],[-122.38582725458791,37.77983991131771],[-122.38581934542503,37.77975840893806],[-122.3858081948668,37.7797507918344],[-122.38574152787088,37.77975464294532],[-122.38573197195116,37.77976345552032],[-122.38573987988373,37.779844957923856],[-122.38572607594739,37.77984575549395],[-122.3857181668949,37.77976425310765],[-122.38570701636904,37.77975663689527],[-122.38563463389282,37.779760817283545],[-122.38562507682464,37.779769629868],[-122.38563298577554,37.77985113226053],[-122.38561918183692,37.779851929818086],[-122.38561127290107,37.779770427424666],[-122.38560012352022,37.779762811184035],[-122.38552794399023,37.77976698014982],[-122.38551838804358,37.77977579270745],[-122.3855262957431,37.77985729512517],[-122.38551249177931,37.779858091769434],[-122.38550458298272,37.77977659026976],[-122.38549343358902,37.77976897311823],[-122.38542305790293,37.7797730374689],[-122.38541350083088,37.779781850937034],[-122.38542140955094,37.779863353343515],[-122.38540760447279,37.77986415089447],[-122.38539969690278,37.77978264846892],[-122.38538854638394,37.779775031325585],[-122.3853198713951,37.7797789981222],[-122.38531031542222,37.779787810662924],[-122.38531822289465,37.77986931309443],[-122.38530441892641,37.77987010971433],[-122.38529651146901,37.77978860728191],[-122.38528536098273,37.7797809910297],[-122.38522590597603,37.7797844246133],[-122.3852163500141,37.779793238047276],[-122.38522425738407,37.77987474048501],[-122.38521045343666,37.779875537994734],[-122.3852025460589,37.779794034655254],[-122.38519139558143,37.77978641839415],[-122.38512101988515,37.77979048346537],[-122.3851114638643,37.779799295089134],[-122.38511937114265,37.779880798434654],[-122.38510556717013,37.77988159503127],[-122.3850976587947,37.77980009260383],[-122.38508650946204,37.779792476314675],[-122.38501984125632,37.77979632703566],[-122.38501028524561,37.779805139552096],[-122.38501819350284,37.77988664108445],[-122.385004388416,37.77988743858819],[-122.38499648130885,37.77980593703677],[-122.38498533082785,37.77979831985537],[-122.38491665579596,37.77980228641708],[-122.38490709977224,37.77981109892515],[-122.38491500680472,37.77989260138332],[-122.38490120285067,37.779893398856835],[-122.38489329467534,37.77981189551502],[-122.38488214536194,37.77980427920656],[-122.38481175714684,37.779808344292775],[-122.38480224192395,37.77981715433739],[-122.38481055702948,37.77989863405498],[-122.3847829479587,37.77990022809321],[-122.38476187749905,37.779693751728416],[-122.3847894864706,37.779692156794226],[-122.38479833191272,37.77977883071938],[-122.38480952316283,37.779786444562724],[-122.38488002020253,37.77978237323157],[-122.38488957622579,37.779773560725666],[-122.38488116492319,37.779686861840396],[-122.38489496886194,37.77968606527003],[-122.38490338015768,37.77977276325349],[-122.38491453062647,37.77978038044267],[-122.38498320563824,37.77977641388219],[-122.38499276164846,37.779767601367915],[-122.38498435024893,37.77968090339076],[-122.38499815416259,37.779680105907495],[-122.38500656557814,37.77976680388366],[-122.38501771605658,37.779774421063124],[-122.38508438310778,37.779770570361435],[-122.38509394024024,37.779761757820836],[-122.3850855275883,37.779675059868936],[-122.3850993326119,37.77967426145483],[-122.38510774416775,37.77976096032473],[-122.38511889465569,37.77976857749462],[-122.38518927033138,37.779764512424634],[-122.38519882631563,37.779755699893634],[-122.38519041351908,37.779669001048305],[-122.38520421858618,37.77966820442362],[-122.3852126302409,37.779754902385264],[-122.3852237807158,37.77976251864439],[-122.38528323570507,37.77975908506184],[-122.38529279167754,37.77975027252326],[-122.38528437992977,37.77966357456723],[-122.38529818383698,37.779662777048806],[-122.38530659560078,37.77974947500388],[-122.38531774610739,37.77975709215495],[-122.38538642107608,37.77975312535962],[-122.38539597703546,37.77974431281262],[-122.38538756514508,37.77965761396302],[-122.38540136907294,37.779656817333375],[-122.38540978095648,37.779743515281154],[-122.3854209314728,37.77975113242249],[-122.38549130825038,37.77974706715409],[-122.38550086419657,37.77973825459863],[-122.3854924522073,37.77965155665724],[-122.38550625611005,37.77965075911447],[-122.38551466811535,37.77973745705487],[-122.38552581864148,37.7797450741863],[-122.38559799699246,37.779740904339114],[-122.38560755406016,37.7797320917568],[-122.38559914081209,37.779645393841086],[-122.38561294584753,37.77964459626771],[-122.38562135799953,37.77973129510144],[-122.38563250737784,37.779738911340104],[-122.38570489207987,37.77973473001595],[-122.38571444686414,37.779725917461256],[-122.38570603462699,37.77963921953493],[-122.38571983966014,37.779638421948995],[-122.38572825193619,37.77972512077519],[-122.38573940245949,37.77973273698559],[-122.38580606943586,37.77972888587586],[-122.38581562534236,37.77972007329482],[-122.38580721298776,37.77963337537567],[-122.38582101688377,37.77963257779604],[-122.38582942925437,37.77971927571423],[-122.38584057981006,37.779726892815944],[-122.38590915268782,37.77972293185433],[-122.38591870858131,37.779714119264895],[-122.38591029610713,37.77962742135296],[-122.3859241011359,37.77962662374316],[-122.38593251249117,37.77971332167224],[-122.38594366305652,37.779720938764235],[-122.38601233795836,37.77971697160426],[-122.38602189383884,37.7797081590065],[-122.38601348122198,37.77962146020095],[-122.3860272862714,37.77962066347992],[-122.38603569888141,37.77970736138361],[-122.38604684829862,37.77971497758313],[-122.38611531911933,37.77971102263996],[-122.38612487498683,37.77970221003386],[-122.38611646227329,37.77961551213644],[-122.38613026616264,37.779614714520605],[-122.38613867889221,37.77970141241706],[-122.38614982947692,37.77970902948953],[-122.3862090802876,37.779705606816215],[-122.38621863612043,37.77969679330164],[-122.38621022329806,37.779610095410824],[-122.38622402718545,37.779609297784035],[-122.38623244004667,37.7796959965747],[-122.3862435906173,37.779703612737464],[-122.38631777687914,37.779699328312674],[-122.38632733269823,37.77969051478927],[-122.38631891974971,37.779603816906125],[-122.3863327247697,37.779603019248434],[-122.38634039513309,37.77968962717574],[-122.386352287203,37.77969733420211],[-122.38641524662293,37.7796936970774],[-122.38642480245262,37.77968488444692],[-122.38641638939099,37.779598186570674],[-122.38643019327391,37.77959738891973],[-122.38643860635156,37.77968408679506],[-122.38644975696444,37.77969170383917],[-122.38651982523157,37.77968765550851],[-122.38652938218311,37.77967884285139],[-122.3865209690001,37.779592144982516],[-122.38653477288078,37.77959134731933],[-122.38654318610268,37.77967804608812],[-122.38655433556754,37.77968566223967],[-122.38662331880185,37.77968167717187],[-122.38663287460533,37.77967286452452],[-122.38662446016721,37.779586166681106],[-122.3866382651807,37.77958536898763],[-122.3866466784998,37.77967206684827],[-122.38665782910932,37.7796796829719],[-122.38672830667439,37.77967561174519],[-122.38673786246461,37.779666799089355],[-122.3867294490396,37.779580101235126],[-122.38674325291582,37.77957930354752],[-122.38675166751474,37.77966600228345],[-122.3867628169991,37.77967361841533],[-122.38683149294843,37.77966965076009],[-122.38684104759069,37.77966083811401],[-122.38683263404593,37.779574140267066],[-122.38684643905488,37.779573342549206],[-122.38685485261564,37.77966004039521],[-122.38686600213262,37.779667657418166],[-122.38693267012715,37.77966380565324],[-122.38694222589159,37.779654992980774],[-122.3869338122294,37.77956829514094],[-122.38694761610121,37.779567497429476],[-122.38695602977943,37.77965419526827],[-122.386967180418,37.779661811362665],[-122.38703075316788,37.77965813885772],[-122.38704030891996,37.77964932617731],[-122.38703189514395,37.779562628344415],[-122.38704569901367,37.77956183062141],[-122.3870549097099,37.77965674374706],[-122.38713703237995,37.77965199922521],[-122.38714658811864,37.77964318653616],[-122.38713901523977,37.7795651439898],[-122.38715281910879,37.77956434625425],[-122.38716039313705,37.77964238878158],[-122.38717154379478,37.77965000485667],[-122.38723970609827,37.77964606681412],[-122.38724926295899,37.779637254098596],[-122.38724168883788,37.77955921157689],[-122.38725549272756,37.7795584147302],[-122.38726306686311,37.77963645725102],[-122.38727421753048,37.7796440733164],[-122.38734258502777,37.779640122917264],[-122.38735214074055,37.77963131021159],[-122.38734456653484,37.779553268597255],[-122.38735837039944,37.779552470837636],[-122.38736594577743,37.77963051333378],[-122.38737709645453,37.77963812938944],[-122.3874492882175,37.779633958190864],[-122.38745887680867,37.7796251440487],[-122.38742817887409,37.77929568889737],[-122.38741706111203,37.77928807051743],[-122.38734047280501,37.779292493229],[-122.38733067672315,37.779301317893896],[-122.38733568573318,37.779375197332875],[-122.38732187849631,37.77937599514436],[-122.38731687061203,37.77930211478578],[-122.38730595924501,37.77929448588177],[-122.38723566682437,37.779298544583185],[-122.38722587186422,37.779307369221215],[-122.38723087965833,37.77938124958358],[-122.3872170735313,37.779382046463766],[-122.38721206463879,37.779308167019835],[-122.38720115441662,37.779300538087966],[-122.38713181774875,37.7793045408734],[-122.38712202277549,37.77931336550277],[-122.38712788930943,37.779399909446816],[-122.38711408204284,37.77940070633311],[-122.38710821554785,37.77931416328923],[-122.38709730531252,37.779306533446906],[-122.38702817388308,37.779310525676344],[-122.38701837776179,37.779319350315276],[-122.38702424415254,37.7794058933635],[-122.38701043804159,37.779406691120364],[-122.38700457164397,37.779320147170566],[-122.38699366030635,37.77931251823767],[-122.3869326002821,37.779316044167565],[-122.38692280528363,37.779324868780336],[-122.38692867156344,37.77941141183327],[-122.38691486431554,37.77941220959709],[-122.3869089980288,37.77932566564264],[-122.38689808783518,37.77931803668274],[-122.38682868312694,37.779322043983264],[-122.38681888698038,37.77933086860556],[-122.3868247531396,37.77941741166357],[-122.38681094702443,37.77941820939707],[-122.38680508088119,37.77933166633837],[-122.38679416953943,37.77932403648619],[-122.38672686913746,37.779327922631325],[-122.38671707297802,37.779336747245196],[-122.38672293901908,37.77942329030814],[-122.38670913287882,37.77942408712888],[-122.38670326685374,37.779337544065214],[-122.38669235554454,37.77932991510445],[-122.386624849905,37.77933381258658],[-122.3866150537327,37.77934263719197],[-122.38662091965534,37.77942918025993],[-122.38660711240077,37.779429977987675],[-122.3866012476291,37.779343434900895],[-122.38659033630664,37.77933580502987],[-122.38652086353454,37.77933981594145],[-122.38651106737196,37.779348641439015],[-122.38651693317394,37.77943518451203],[-122.38650312702926,37.779435981308644],[-122.38649726124326,37.77934943823492],[-122.38648635106554,37.779341808336106],[-122.38641701434354,37.779345811602056],[-122.38640721816782,37.779354637090925],[-122.38641308384928,37.77944118016907],[-122.38639927770238,37.779441976953535],[-122.3863934120369,37.77935543387473],[-122.38638250189184,37.77934780486714],[-122.38631940665643,37.77935144775716],[-122.3863096104455,37.779360272337144],[-122.38631547601372,37.77944681542001],[-122.38630166986466,37.779447612193024],[-122.38629580431251,37.779361069109456],[-122.38628489417663,37.77935344009285],[-122.38621100866423,37.779357705271615],[-122.38620121246251,37.77936653074337],[-122.3862070779049,37.77945307383157],[-122.38619327175351,37.77945387059188],[-122.3861874063272,37.77936732750301],[-122.38617649617863,37.77935969757556],[-122.38611312768819,37.77936335644242],[-122.3861033325862,37.77937218098703],[-122.38610919678001,37.77945872409816],[-122.38609539064942,37.77945952174786],[-122.38608952533667,37.779372978654216],[-122.38607861519738,37.77936534871771],[-122.3860111763891,37.77936924207462],[-122.38600138013926,37.77937806662897],[-122.3860072453497,37.77946460972689],[-122.38599343921692,37.77946540736464],[-122.3859875740225,37.77937886426601],[-122.38597666389282,37.77937123432008],[-122.38590922507386,37.77937512761869],[-122.3858994299461,37.77938395214639],[-122.38590529392614,37.77947049616832],[-122.38589148776828,37.77947129289326],[-122.38588562269219,37.7793847497897],[-122.3858747125721,37.779377119834294],[-122.38580137466319,37.77938135436687],[-122.38579157838682,37.7793901789037],[-122.3857974433538,37.77947672201192],[-122.38578363721649,37.77947751962512],[-122.38577777224269,37.77939097561541],[-122.38576686102063,37.779383346569055],[-122.38569891536575,37.77938726858196],[-122.38568911909925,37.77939609401115],[-122.38569498394736,37.77948263712436],[-122.38568117665001,37.779483433842834],[-122.38567531295296,37.77939689071081],[-122.38566440174057,37.77938926165503],[-122.3855980535819,37.77939309136867],[-122.38558825730263,37.77940191678947],[-122.38559412201081,37.77948845900678],[-122.3855803147342,37.77948925661431],[-122.3855744511542,37.779402713477346],[-122.38556353992843,37.779395083511375],[-122.38549458745658,37.779399063865846],[-122.38548479116427,37.77940788927805],[-122.38549065577521,37.7794944324012],[-122.38547684960847,37.77949522907763],[-122.38547098501355,37.779408685953776],[-122.38546007495545,37.779401056860905],[-122.385389819742,37.77940511206115],[-122.38538002341353,37.77941393656382],[-122.38538588790287,37.77950047969212],[-122.38537208062178,37.77950127727522],[-122.38536621728345,37.779414734128146],[-122.3853553072352,37.7794071050256],[-122.38528505201032,37.779411160163406],[-122.38527525566862,37.77941998465736],[-122.38528112003641,37.77950652779073],[-122.38526731386519,37.77950732444265],[-122.38526144951345,37.77942078130853],[-122.38525053947501,37.77941315219631],[-122.3851904464023,37.77941662120419],[-122.38518065004871,37.779425445690265],[-122.38518651430665,37.779511988828325],[-122.38517270702128,37.77951278638812],[-122.38516684389147,37.77942624233037],[-122.38515593272699,37.7794186132276],[-122.38508828180764,37.77942251845888],[-122.38507848657603,37.77943134291828],[-122.38508435071549,37.77951788606131],[-122.38507054340504,37.77951868270834],[-122.38506467928164,37.77943213956461],[-122.3850537692618,37.77942451043419],[-122.38498485868425,37.77942848801742],[-122.38497506343957,37.77943731246822],[-122.38498092632395,37.77952385563446],[-122.38496712016918,37.77952465315203],[-122.38496125616581,37.77943811000327],[-122.38495034613287,37.77943047996246],[-122.38488130742752,37.77943446494079],[-122.38487151216981,37.77944328938302],[-122.38487737609184,37.779529833436996],[-122.38486356877695,37.77953063005971],[-122.38485770602878,37.77944408688776],[-122.38484679489349,37.77943645775633],[-122.38477487974811,37.779440608520744],[-122.38476510604171,37.77944943260932],[-122.38477120221631,37.77953596123775],[-122.38474704113074,37.77953735595319],[-122.38473239121512,37.779329423311225],[-122.38475655225622,37.77932802949961],[-122.38476259467764,37.77941378304777],[-122.38477352734293,37.779421410941374],[-122.3848454946336,37.7794172575414],[-122.38485528989098,37.779408433101345],[-122.38484947978407,37.77932266592866],[-122.38486328590261,37.779321868424844],[-122.38486909602538,37.77940763559684],[-122.3848800071588,37.779415264726225],[-122.38494904471138,37.779411279766784],[-122.38495884109062,37.77940245529992],[-122.3849530297525,37.77931668905125],[-122.38496683700379,37.77931589151714],[-122.38497264724566,37.77940165868416],[-122.38498355838883,37.77940928780396],[-122.38505246894864,37.77940531022149],[-122.38506226417988,37.77939648576418],[-122.38505645269991,37.779310718619676],[-122.38507025997184,37.779309921974296],[-122.38507607030982,37.779395688235454],[-122.3850869814856,37.779403318246565],[-122.38515463238751,37.77939941301596],[-122.38516442760587,37.77939058855019],[-122.38515861714333,37.77930482139248],[-122.38517242325526,37.77930402385245],[-122.38517823489148,37.77938979189217],[-122.38518914491898,37.77939742101112],[-122.38524923797621,37.7793939520039],[-122.3852590331826,37.779385127530254],[-122.38525322261127,37.77929936037709],[-122.38526702872116,37.77929856282597],[-122.38527284046613,37.77938433086116],[-122.38528375050264,37.77939195997137],[-122.38535400568655,37.77938790393345],[-122.38536380087963,37.77937907945109],[-122.38535799018787,37.77929331230303],[-122.38537179631837,37.77929251564049],[-122.38537760816097,37.779378282769734],[-122.38538851820735,37.779385911870236],[-122.3854587734027,37.779381856670774],[-122.3854685697175,37.77937303216155],[-122.38546275777027,37.779287265036686],[-122.38547656389848,37.779286468361896],[-122.38548237583876,37.77937223458524],[-122.38549328705282,37.779379864558756],[-122.3855622395069,37.779375884205024],[-122.3855720346508,37.77936705880448],[-122.3855662226074,37.779281292585495],[-122.38558002984554,37.779280494979574],[-122.38558584079267,37.779366262116895],[-122.38559675199362,37.77937389118],[-122.38566310127018,37.77937006144891],[-122.38567289640136,37.77936123604001],[-122.38566708424194,37.779275469825905],[-122.38568089147789,37.77927467220818],[-122.38568670254105,37.77936043934061],[-122.38569761377437,37.779368069295224],[-122.38576556052391,37.779364146364074],[-122.38577535679995,37.779355321829314],[-122.38576954449985,37.77926955471932],[-122.38578335062147,37.779268758008634],[-122.3857891629146,37.779354524217126],[-122.38580007415759,37.779362154162264],[-122.38587341093546,37.779357920549515],[-122.385883207175,37.779349095104955],[-122.38587739475086,37.77926332800018],[-122.38589120200518,37.77926253125866],[-122.38589701331021,37.77934829838092],[-122.3859079245405,37.77935592741526],[-122.38597536222994,37.77935203503637],[-122.38598515845658,37.77934320958336],[-122.38597934591516,37.77925744248348],[-122.38599315203227,37.77925664574822],[-122.38599896458962,37.77934241284739],[-122.38600987469447,37.77935004189045],[-122.38607731348537,37.779346148534266],[-122.38608710972198,37.77933732397357],[-122.38608129706334,37.77925155687868],[-122.38609510431328,37.77925076011327],[-122.38610091585282,37.77933652722571],[-122.38611182596735,37.77934415625934],[-122.38617519444146,37.77934049739319],[-122.38618499066571,37.77933167282434],[-122.38617917789448,37.779245905734186],[-122.38619298400728,37.77924510897547],[-122.38619879679446,37.779330876065],[-122.38620970805317,37.77933850507145],[-122.38628359241149,37.779334239911634],[-122.38629338746425,37.779325414451115],[-122.38628757572614,37.77923964824887],[-122.38630138183669,37.779238851477515],[-122.38630719472565,37.77932461766092],[-122.38631810485954,37.7793322466755],[-122.38638120010161,37.779328604687],[-122.38639099516485,37.77931978011922],[-122.38638518329165,37.77923401302085],[-122.38639898937716,37.779233215337165],[-122.38640480240124,37.77931898241673],[-122.38641571256727,37.77932661232311],[-122.38648504927144,37.77932260905793],[-122.38649484543365,37.77931378356248],[-122.38648903232892,37.77922801738819],[-122.38650283841221,37.779227219692366],[-122.38650865155574,37.77931298676685],[-122.38651956170868,37.7793206157628],[-122.38658903559784,37.779316604833774],[-122.38659883063478,37.779307780248715],[-122.38659301852255,37.779222013160435],[-122.38660682462654,37.77922121635327],[-122.38661263788961,37.77930698342271],[-122.38662354805234,37.779314612409046],[-122.38669105480948,37.779310714909506],[-122.38670084981065,37.77930188941507],[-122.38669503760396,37.77921612323255],[-122.38670884370578,37.77921532641349],[-122.3867146570633,37.77930109257718],[-122.38672556725851,37.77930872245492],[-122.38679286877822,37.77930483629234],[-122.38680266492442,37.77929601167212],[-122.38679685144272,37.779210244611875],[-122.3868106575423,37.779209447780836],[-122.38681647103986,37.77929521484046],[-122.3868273812218,37.77930284380797],[-122.38689678591217,37.779298836508175],[-122.3869065820452,37.77929001187937],[-122.38690076844405,37.77920424482411],[-122.38691457567639,37.77920344796278],[-122.38692038813556,37.77928921413465],[-122.38693129948514,37.77929684397521],[-122.3869923594937,37.77929331804599],[-122.3870021556147,37.779284493409214],[-122.38699634190354,37.77919872635859],[-122.38701014799888,37.779197929504235],[-122.38701596170301,37.779283695653326],[-122.3870268719266,37.779291325503195],[-122.38709600336112,37.779287334175336],[-122.38710579944613,37.779278508629126],[-122.38709998561578,37.779192741583515],[-122.38711379284386,37.77919194469886],[-122.38711960555507,37.779277711761914],[-122.38713051690054,37.77928534068322],[-122.38719985352763,37.77928133699764],[-122.38720964848744,37.77927251236179],[-122.38720469897073,37.77919949442409],[-122.38721850504105,37.779198696644485],[-122.38722345459415,37.77927171548242],[-122.38723436594941,37.77927934439411],[-122.38730465835197,37.779275285693444],[-122.3873144544335,37.779266461030694],[-122.38730950479128,37.7791934421965],[-122.38732331088222,37.779192645305486],[-122.38732826051505,37.779265663238235],[-122.38733917076809,37.77927329305924],[-122.38741527380768,37.779268898844926],[-122.38742486233289,37.779260083804125],[-122.38739507503583,37.778940402094555],[-122.38738395601227,37.77893277652244],[-122.38731563787127,37.778936677500994],[-122.38730594715778,37.778945491466196],[-122.38731080580337,37.77900577044797],[-122.38729700199407,37.779006566400405],[-122.38729214201864,37.77894627932861],[-122.3872811250615,37.778938648508166],[-122.38721924008915,37.778942182390765],[-122.38720954934062,37.77895099544714],[-122.38721441275541,37.779011331131564],[-122.38720060894406,37.779012127072704],[-122.38719574422228,37.778951784199165],[-122.3871847272514,37.77894415246889],[-122.38712332753845,37.778947658706485],[-122.38711363680076,37.778956472655864],[-122.38711932049422,37.77902697438329],[-122.38710551536084,37.779027763124716],[-122.3870998316575,37.77895726049576],[-122.38708881471855,37.778949629657376],[-122.3870257641795,37.778953229859276],[-122.38701607340657,37.77896204289975],[-122.38702175589582,37.779032545550855],[-122.38700795073743,37.779033333379985],[-122.38700226826128,37.77896283072827],[-122.38699125135436,37.7789552007816],[-122.38693028132364,37.77895868201668],[-122.38692059053871,37.77896749504928],[-122.38692627407265,37.77903799768675],[-122.3869124689123,37.779038785504746],[-122.38690678541424,37.778968283767455],[-122.3868957684706,37.778960652010234],[-122.3868363801061,37.77896404389579],[-122.38682669044431,37.7789728569025],[-122.38683237275458,37.7790433595626],[-122.38681856759223,37.77904414736957],[-122.38681288418286,37.778973645627836],[-122.38680186838305,37.778966013843686],[-122.38673592890216,37.77896977908558],[-122.38672623809269,37.77897859210221],[-122.38673192144304,37.77904909474893],[-122.38671811630145,37.77904988344496],[-122.38671243296412,37.77897938079762],[-122.38670141719665,37.77897174990491],[-122.3866382407743,37.778975357320824],[-122.38662854995253,37.7789841703294],[-122.38663423207558,37.77905467299891],[-122.38662042690902,37.779055460782665],[-122.38661474482186,37.77898495901338],[-122.38660372790574,37.778977327228844],[-122.38655045068595,37.778980369737326],[-122.38654075985306,37.7789891827387],[-122.38654644300532,37.77905968449332],[-122.38653263672481,37.77906047318583],[-122.38652695472055,37.77898997141237],[-122.38651593781269,37.77898233961964],[-122.38644970577478,37.77898612109827],[-122.3864400160871,37.778994934974],[-122.38644569800914,37.779065436751644],[-122.3864318928386,37.779066224513315],[-122.38642620979456,37.778995722753244],[-122.38641519405408,37.77898809183381],[-122.38635580564576,37.7789914834773],[-122.38634611478835,37.77900029646264],[-122.3863517966217,37.77907079824468],[-122.38633799147203,37.77907158689625],[-122.38633230849382,37.779001084230885],[-122.3863212927622,37.77899345330264],[-122.3862564927006,37.77899715318168],[-122.3862468018307,37.77900596615885],[-122.38625248470517,37.77907646792748],[-122.38623867841842,37.779077256585566],[-122.38623299669193,37.779006754798125],[-122.3862219798118,37.778999122977986],[-122.38616436237604,37.77900241319214],[-122.38615467149445,37.77901122616172],[-122.38616035316981,37.779081728853726],[-122.3861465479932,37.77908251658199],[-122.38614086633086,37.779012013889336],[-122.38612984950517,37.77900438386231],[-122.38606711292032,37.77900796500903],[-122.38605742204938,37.779016778871465],[-122.38606310361,37.77908728066724],[-122.38604929845417,37.77908806928499],[-122.38604361574876,37.77901756660587],[-122.38603260004429,37.77900993565075],[-122.38596212301819,37.77901395959999],[-122.38595243211114,37.779022772553],[-122.38595811359541,37.77909327525456],[-122.38594430841451,37.779094062959174],[-122.38593862696617,37.77902356115775],[-122.38592761011374,37.779015929310134],[-122.3858650458896,37.77901950218457],[-122.38585535497033,37.77902831512952],[-122.38586103747501,37.7790988169167],[-122.38584723231487,37.77909960551079],[-122.38584154980039,37.77902910282209],[-122.38583053298,37.77902147186624],[-122.38576813538322,37.77902503391279],[-122.38575844447459,37.77903384775066],[-122.38576412688774,37.779104349542436],[-122.38575032172554,37.77910513812517],[-122.38574463930262,37.779034635431884],[-122.38573362362634,37.77902700444883],[-122.38567494263067,37.77903035469314],[-122.3856652516874,37.77903916762245],[-122.3856709329004,37.779109670337675],[-122.38565712771336,37.779110458008695],[-122.38565144653634,37.77903995619364],[-122.38564042973385,37.77903232522004],[-122.38557794822155,37.77903589211266],[-122.38556825840104,37.77904470501585],[-122.38557393949951,37.77911520683485],[-122.38556013433335,37.77911599539534],[-122.38555445209005,37.779045492692994],[-122.3855434364317,37.77903786169218],[-122.38548122840608,37.77904195947808],[-122.38547101452035,37.779050256250336],[-122.38547669666193,37.77912075805576],[-122.38546289149369,37.77912154660484],[-122.38545720936514,37.77905104479878],[-122.38544619371599,37.779043413788855],[-122.38538536298338,37.77904688568647],[-122.38537567202647,37.7790556994928],[-122.38538135407799,37.77912620130278],[-122.38536754774984,37.779126988958],[-122.38536186684638,37.77905648712923],[-122.3853508500712,37.77904885612861],[-122.38528630273998,37.77905254061663],[-122.38527661177058,37.77906135441482],[-122.38528229372852,37.77913185622951],[-122.38526848855608,37.779132644755826],[-122.3852628065884,37.779062142039656],[-122.38525178982256,37.779054511029784],[-122.38519484350249,37.77905776209926],[-122.3851851524987,37.77906657498912],[-122.38519083325808,37.779137077727086],[-122.38517702806092,37.77913786534187],[-122.38517134733742,37.779067363504055],[-122.38516033055735,37.7790597315848],[-122.38509413240813,37.779063510856574],[-122.38508444139163,37.77907232373811],[-122.38509012316794,37.77914282556191],[-122.38507631685651,37.77914361408389],[-122.38507063622818,37.77907311224128],[-122.38505961945762,37.77906548031262],[-122.3850024236986,37.77906874609186],[-122.38499273267053,37.77907755896585],[-122.3849984143831,37.77914806169485],[-122.38498460918186,37.77914884928705],[-122.38497892750517,37.77907834745828],[-122.38496791074323,37.77907071552102],[-122.38490733056888,37.77907417415307],[-122.3848976395288,37.77908298701923],[-122.38490332001652,37.77915348977088],[-122.38488951481325,37.77915427735197],[-122.38488383436145,37.779083775500524],[-122.38487281760845,37.77907614355439],[-122.38480558880356,37.77907998149871],[-122.38479589775072,37.7790887943565],[-122.38480157927727,37.7791592970948],[-122.38478087034547,37.77916047891655],[-122.38476624337086,37.778978954050864],[-122.38478695109445,37.778977771348956],[-122.38479302695987,37.77905316495888],[-122.38480404254341,37.779060796029775],[-122.38487127133098,37.779056958086365],[-122.38488096237076,37.77904814522232],[-122.38487488757436,37.778972752499556],[-122.38488869274408,37.77897196492017],[-122.38489476753153,37.779047356741366],[-122.3849057842825,37.779054988685445],[-122.38496636444135,37.77905153005422],[-122.38497605660413,37.77904271716421],[-122.38496998057666,37.77896732446442],[-122.38498378572146,37.778966535973],[-122.38498986176288,37.77904192867211],[-122.38500087736493,37.77904955972463],[-122.38505807426709,37.779046294828824],[-122.38506776528332,37.77903748194941],[-122.38506168916321,37.77896208925431],[-122.38507549432894,37.778961301653],[-122.38508157044015,37.77903669344656],[-122.38509258607374,37.77904432539139],[-122.385158784206,37.77904054612048],[-122.3851684763445,37.77903173321459],[-122.38516240012264,37.77895634052459],[-122.38517620526336,37.77895555201067],[-122.38518228149917,37.7790309447],[-122.3851932971194,37.779038575734546],[-122.38525024344763,37.77903532556659],[-122.38525993441677,37.77902651177054],[-122.38525385923747,37.778951119067],[-122.38526766439918,37.77895033144324],[-122.38527373959238,37.77902572414603],[-122.38528475635621,37.779033355153956],[-122.38534930480584,37.77902967064855],[-122.3853589957625,37.77902085684435],[-122.385352919371,37.77894546506487],[-122.38536672450768,37.77894467652862],[-122.385372800936,37.77902006920824],[-122.38538381657415,37.77902770022503],[-122.38544464726824,37.77902422742739],[-122.38545433823572,37.77901541451617],[-122.38544826172503,37.778940021840654],[-122.38546206799465,37.77893923327511],[-122.38546814338433,37.779014625968074],[-122.38547916016648,37.779022256957795],[-122.38554188998184,37.779018676232795],[-122.38555158093708,37.77900986331356],[-122.38554550432815,37.778934470643016],[-122.38555931059571,37.77893368206608],[-122.38556538608363,37.77900907475407],[-122.38557640173991,37.779016705752916],[-122.3856388832362,37.77901313886106],[-122.38564857417914,37.779004325933855],[-122.38564249860725,37.778928933250086],[-122.38565630373778,37.778928144679945],[-122.38566238045865,37.77900353734485],[-122.3856733961241,37.77901116833464],[-122.38573207712757,37.77900781899191],[-122.38574176803594,37.77899900515617],[-122.38573569123481,37.77892361249529],[-122.3857494963863,37.778922824815055],[-122.38575557320132,37.77899821747528],[-122.38576659001058,37.77900584843817],[-122.38582898759132,37.779002286392426],[-122.38583867848743,37.778993472548706],[-122.3858326015884,37.778918079892755],[-122.38584640673787,37.77891729220118],[-122.3858524836508,37.77899268485648],[-122.38586349933416,37.779000315828476],[-122.38592606356508,37.778996743855735],[-122.38593575447184,37.77898793090486],[-122.38592967860977,37.77891253823567],[-122.38594348373427,37.77891174963189],[-122.38594955961025,37.77898714230043],[-122.38596057643778,37.778994773245195],[-122.38603105346864,37.77899075019765],[-122.38604074436219,37.778981937238186],[-122.38603466837118,37.77890654367344],[-122.38604847351627,37.778905755958256],[-122.38605455063336,37.77898114860325],[-122.38606556633579,37.778988779556414],[-122.38612830288163,37.77898519750964],[-122.38613799376293,37.77897638454217],[-122.38613191769647,37.778900991883205],[-122.38614572283952,37.77890020415664],[-122.38615180003198,37.77897559589586],[-122.38616281576648,37.778983227740746],[-122.38622043318743,37.77897993752734],[-122.38623012519207,37.77897112453414],[-122.3862240478976,37.77889573189805],[-122.38623785303866,37.778894944160626],[-122.38624393032423,37.778970335895174],[-122.38625494606741,37.778977967731514],[-122.38631974611232,37.77897426785334],[-122.38632943694657,37.77896545396923],[-122.38632336070961,37.77889006222087],[-122.3863371658257,37.778889273570975],[-122.3863432432345,37.77896466620137],[-122.38635425896413,37.77897229712757],[-122.38641364738005,37.77896890638568],[-122.38642333820248,37.77896009249389],[-122.38641726187063,37.77888470075025],[-122.38643106698477,37.77888391208941],[-122.38643714448843,37.778959304714995],[-122.3864481602269,37.77896693563241],[-122.38651439111281,37.77896315417284],[-122.38652408194541,37.77895434117361],[-122.38651800548892,37.778878948534235],[-122.38653181060087,37.77887815986158],[-122.3865378870713,37.77895355250025],[-122.38654890395428,37.7789611833901],[-122.38660218231819,37.77895814176502],[-122.38661187200476,37.778949328776704],[-122.38660579545956,37.7788739361418],[-122.38661960056965,37.77887314745886],[-122.38662567826383,37.77894854007491],[-122.38663669402005,37.77895617097472],[-122.38669987044904,37.778952564460454],[-122.38670956123538,37.77894375054513],[-122.38670348345651,37.778868357933405],[-122.38671728972237,37.77886757012168],[-122.38672336638022,37.77894296275089],[-122.38673438214566,37.778950593641625],[-122.38680032160961,37.778946828400535],[-122.38681001240614,37.77893801537776],[-122.38680393452579,37.778862622771086],[-122.38681774076666,37.77886183404682],[-122.386823817526,37.77893722667093],[-122.38683483443592,37.7789448575341],[-122.38689422280797,37.7789414665501],[-122.38690391359266,37.77893265351963],[-122.38689783561745,37.77885726091776],[-122.38691164074423,37.77885647310144],[-122.38691771871052,37.778931864801805],[-122.38692873451723,37.77893949657523],[-122.38698970453223,37.7789360153409],[-122.38699939528199,37.778927201401736],[-122.38699331834529,37.7788518087865],[-122.3870071234701,37.77885102095905],[-122.3870132015557,37.778926413555375],[-122.38702421734848,37.77893404441903],[-122.3870872690063,37.7789304441998],[-122.38709695860881,37.77892163027072],[-122.38709088159642,37.77884623856133],[-122.3871046866962,37.77884544982158],[-122.38711076488039,37.77892084241298],[-122.38712178068242,37.778928473267534],[-122.38718318151449,37.77892496701252],[-122.38719287226276,37.778916153958264],[-122.3871875020665,37.77884954675089],[-122.38720130698276,37.77884875079312],[-122.38720667737445,37.778915365206586],[-122.38721769318552,37.77892299605217],[-122.38727957814197,37.7789194621704],[-122.38728926887808,37.778910649108184],[-122.38728389490656,37.77884398608917],[-122.38729769979786,37.778843189219245],[-122.38730307398778,37.778909860345244],[-122.38731409096573,37.77891749206454],[-122.38738216985996,37.77891360483005],[-122.38739175852635,37.77890479699812],[-122.38736454868902,37.77861276188985],[-122.38735342987785,37.778605142620314],[-122.38728622869336,37.778609019396875],[-122.3872765869147,37.778617836182214],[-122.3872820366917,37.77868082555791],[-122.38726823183038,37.778681622426056],[-122.38726278206505,37.77861863304972],[-122.38725171767368,37.778611010195924],[-122.3871862636465,37.77861478684949],[-122.38717662185523,37.77862360362669],[-122.3871820715479,37.77868659300695],[-122.38716826779648,37.77868738894435],[-122.38716281811553,37.77862439956346],[-122.38715175375643,37.77861677760114],[-122.38709318283902,37.77862015563442],[-122.38708354217103,37.77862897238583],[-122.38708989192716,37.77870236355137],[-122.38707608705981,37.77870316039701],[-122.38706973731719,37.77862976923069],[-122.38705867294397,37.77862214635885],[-122.38699487987607,37.77862582692622],[-122.38698523806066,37.77863464368775],[-122.38699158772015,37.778708034858525],[-122.38697778282778,37.77870883079182],[-122.38697143431683,37.778635439602105],[-122.38696036997574,37.77862781762188],[-122.38690021971148,37.77863128752729],[-122.3868905778841,37.77864010428106],[-122.3868969263156,37.77871349547503],[-122.38688312257905,37.77871429227986],[-122.38687677302619,37.778640901103344],[-122.38686570867111,37.77863327821336],[-122.38679851424557,37.77863715460293],[-122.38678887240538,37.77864597134838],[-122.38679522073684,37.778719362547754],[-122.38678141697527,37.77872015843984],[-122.38677506754527,37.77864676815875],[-122.38676400435762,37.778639146141934],[-122.38670685290901,37.77864244268665],[-122.38669721105727,37.7786512594246],[-122.38670356041072,37.77872464970984],[-122.38668975553507,37.778725446510194],[-122.38668340730726,37.77865205530523],[-122.38667234297031,37.77864443239715],[-122.38661377205513,37.77864781199396],[-122.3866041301916,37.77865662872429],[-122.38661047945355,37.778730019014425],[-122.38659667571088,37.778730815785764],[-122.38659032643963,37.77865742459403],[-122.38657926213438,37.77864980257803],[-122.38651032618404,37.77865377876854],[-122.38650068430748,37.778662595490395],[-122.38650703235562,37.77873598670507],[-122.38649322858787,37.77873678256343],[-122.3864868794412,37.77866339226702],[-122.38647581625773,37.77865576932236],[-122.38641732579366,37.7786591430279],[-122.38640768390535,37.778667959742094],[-122.38641403299705,37.77874135094353],[-122.38640022809231,37.7787421468092],[-122.38639387903707,37.77866875650786],[-122.38638281586236,37.778661133554436],[-122.38631712024826,37.77866492350299],[-122.3863074783473,37.77867374020904],[-122.38631382734049,37.778747131415805],[-122.38630002243362,37.778747927269684],[-122.386293673454,37.7786745360622],[-122.38628260917663,37.77866691401844],[-122.38622071851125,37.77867048442066],[-122.38621107659816,37.778679301118814],[-122.38621742433874,37.77875269144798],[-122.38620362058764,37.77875348817329],[-122.3861972717028,37.77868009696068],[-122.38618620854656,37.77867247398884],[-122.38612581673428,37.778675958177125],[-122.38611617480917,37.77868477486747],[-122.38612252245645,37.77875816520171],[-122.3861087187033,37.77875896191593],[-122.38610236993465,37.77868557159911],[-122.38609130678734,37.778677948618366],[-122.38602828912504,37.77868158381241],[-122.38601864605263,37.778690400512964],[-122.38602499473899,37.77876379083422],[-122.38601119098375,37.778764587536976],[-122.3860048422881,37.77869119631415],[-122.38599377914997,37.77868357332427],[-122.38593228869243,37.77868712095051],[-122.38592264674293,37.778695937625045],[-122.3859289953349,37.77876932795141],[-122.38591519044266,37.77877012466108],[-122.38590884297635,37.77869673341501],[-122.38589777873516,37.77868911133515],[-122.38583446739186,37.77869276283897],[-122.38582482543002,37.77870157950545],[-122.38583117281374,37.77877497075599],[-122.38581736903149,37.77877576653526],[-122.3858110205492,37.77870237620299],[-122.38579995629432,37.77869475321308],[-122.38574122540501,37.77869814034132],[-122.38573158345427,37.77870695790106],[-122.38573793185846,37.778780348237554],[-122.38572412807414,37.77878114400586],[-122.3857177796836,37.778707753668634],[-122.3857067154375,37.778700130670046],[-122.3856430027276,37.77870380561362],[-122.38563336076447,37.77871262316531],[-122.38563970793707,37.77878601352518],[-122.38562590417361,37.77878681018286],[-122.3856195558567,37.77871341893954],[-122.38560849164267,37.778705796832554],[-122.38554968024391,37.778709188757645],[-122.38554003938117,37.778718005382714],[-122.38554638646201,37.778791395747525],[-122.38553258269654,37.77879219239429],[-122.38552623447134,37.77871880114602],[-122.38551517026613,37.778711179030296],[-122.3854515380293,37.778714848978225],[-122.38544189601913,37.77872366561341],[-122.3854482430035,37.77879705598343],[-122.38543443923591,37.77879785261866],[-122.38542809110727,37.77872446136522],[-122.38541702804625,37.778716839222135],[-122.3853547336569,37.77872043184685],[-122.38534509163452,37.77872924847411],[-122.38535143968154,37.77880263973195],[-122.38533763475404,37.77880343547319],[-122.38533128674345,37.77873004511545],[-122.38532022366866,37.778722422062415],[-122.38525825126094,37.778725995968784],[-122.38524860924926,37.778734813488974],[-122.38525495717857,37.77880820385111],[-122.38524115224898,37.778808999581024],[-122.3852348054682,37.77873560920001],[-122.38522374129039,37.77872798705694],[-122.38515705348034,37.77873183277788],[-122.3851474012182,37.7787406495523],[-122.38515366290389,37.77881404580335],[-122.38512950541953,37.778815438741134],[-122.38511404718973,37.778634253424904],[-122.38513820461542,37.77863286049021],[-122.38514436132049,37.77870502917107],[-122.3851554164298,37.77871265236767],[-122.38522208265807,37.77870880699248],[-122.3852317246924,37.77869999037526],[-122.38522548287106,37.77862782666348],[-122.38523928663217,37.77862703095348],[-122.38524552846687,37.77869919466459],[-122.38525659264262,37.77870681680565],[-122.38531856503442,37.778703242900136],[-122.3853282059216,37.77869442629316],[-122.38532196514196,37.77862226256826],[-122.38533576887812,37.77862146594614],[-122.3853420108061,37.7786936296522],[-122.38535307501382,37.77870125268503],[-122.38541536822932,37.77869765917848],[-122.38542501139712,37.778688843428135],[-122.38541876938889,37.77861667972644],[-122.38543257312297,37.77861588309297],[-122.38543881514455,37.77868804679401],[-122.38544987820356,37.77869566893508],[-122.385513511559,37.778691998969876],[-122.38552315355655,37.77868318232878],[-122.38551691258839,37.77861101861405],[-122.38553071634331,37.77861022286993],[-122.38553695732475,37.77868238658399],[-122.38554802155078,37.77869000959854],[-122.38560683291158,37.77868661677345],[-122.38561647603231,37.77867780010656],[-122.3856102338619,37.778605637315685],[-122.38562403759188,37.77860484065985],[-122.3856302797985,37.77867700435084],[-122.38564134287549,37.778684626473975],[-122.38570505670401,37.7786809515131],[-122.3857146986774,37.778672134856336],[-122.38570845641199,37.778599972070595],[-122.38572226127484,37.778599175385104],[-122.38572850244151,37.77867133908912],[-122.38573956666268,37.77867896118489],[-122.3857982975369,37.77867557405745],[-122.38580794063348,37.7786667573749],[-122.38580169825507,37.77859459369317],[-122.38581550200388,37.77859379791577],[-122.3858217443727,37.77866596069592],[-122.38583280862552,37.77867358368382],[-122.38589611992965,37.77866993128],[-122.38590576187893,37.77866111460762],[-122.38589951942889,37.77858895183185],[-122.38591332315266,37.778588155142096],[-122.38591956563894,37.77866031881805],[-122.38593062987808,37.778667940895886],[-122.38599211920777,37.77866439418949],[-122.3860017611678,37.77865557841008],[-122.38599551971411,37.77858341381945],[-122.38600932345874,37.77858261801936],[-122.38601556603784,37.77865478169022],[-122.38602663028603,37.778662403759114],[-122.38608964682004,37.77865876948495],[-122.38609928874489,37.77864995279672],[-122.38609304721986,37.77857778911202],[-122.38610685096238,37.77857699330049],[-122.38611309361285,37.77864915606544],[-122.3861241567581,37.778656779044184],[-122.38618454857777,37.778653295757564],[-122.38619419049063,37.77864447906158],[-122.38618794887387,37.77857231538187],[-122.38620175259146,37.77857151865837],[-122.38620870596675,37.77865190170271],[-122.38628095143015,37.77864773485134],[-122.38629059333088,37.778638918147415],[-122.38628435048591,37.778566754490896],[-122.38629815420144,37.77856595775609],[-122.38630439705975,37.778638121411895],[-122.38631546135795,37.77864574435454],[-122.38638115582017,37.77864195442507],[-122.3863907988432,37.77863313769479],[-122.3863845559243,37.77856097494433],[-122.38639835963768,37.77856017819782],[-122.3864046025928,37.77863234184841],[-122.38641566687761,37.77863996388081],[-122.38647415619164,37.77863659019429],[-122.38648379920299,37.77862777345639],[-122.38647755617127,37.77855560980994],[-122.38649135988265,37.77855481305253],[-122.38649760292773,37.77862697669825],[-122.38650866610914,37.77863459964093],[-122.38657760315377,37.778630622532376],[-122.38658724501707,37.77862180580417],[-122.38658100190827,37.77854964306402],[-122.38659480675238,37.77854884627632],[-122.38660104989748,37.77862100991663],[-122.38661211306567,37.778628631948784],[-122.3866706828538,37.77862525327182],[-122.38668032584029,37.77861643651782],[-122.38667408261864,37.77854427288166],[-122.38668788634868,37.77854347700205],[-122.38669412958372,37.778615640637554],[-122.38670519389566,37.77862326264278],[-122.38676234419461,37.77861996611703],[-122.38677198603457,37.77861114937368],[-122.38676574385926,37.77853898572414],[-122.38677954758735,37.77853818983382],[-122.38678579091098,37.7786103534645],[-122.38679685409659,37.778617975479314],[-122.38686404963983,37.77861409907252],[-122.38687369146696,37.77860528232091],[-122.38686744805837,37.778533118694824],[-122.38688125291924,37.77853232277441],[-122.38688749520621,37.778604486417954],[-122.3868985595364,37.77861210840509],[-122.38695871092013,37.778608638482346],[-122.38696835271244,37.77859982082211],[-122.38696210923523,37.77852765810181],[-122.3869759129591,37.77852686218853],[-122.38698215644965,37.77859902490812],[-122.3869932208116,37.77860664778716],[-122.38705701386313,37.77860296722068],[-122.38706665566592,37.77859415045323],[-122.38706041320577,37.778521986819065],[-122.38707421692754,37.778521190894274],[-122.38708046053603,37.77859335450955],[-122.38709152488431,37.77860097647856],[-122.38715009462881,37.77859759756341],[-122.38715973641982,37.778588780788354],[-122.38715439918609,37.778527088250414],[-122.38716820288494,37.77852629141378],[-122.38717354015293,37.77858798485194],[-122.38718460451003,37.77859560681226],[-122.38725005854322,37.77859183106044],[-122.38725970032165,37.77858301427719],[-122.38725436298243,37.77852132084287],[-122.38726816670201,37.77852052489538],[-122.38727350516476,37.77858221741008],[-122.38728456955408,37.77858984026186],[-122.3873516437413,37.77858597092636],[-122.38736123107381,37.77857715680865],[-122.38734098314684,37.77835984133764],[-122.38533611626357,37.7784803002544],[-122.38529261948399,37.77845107207049],[-122.38533337044123,37.778411717919724],[-122.38537076282014,37.7784382508626],[-122.3875050067978,37.778316232805],[-122.38750687246323,37.77833625396754],[-122.38769181323411,37.77833670480976],[-122.38762432732929,37.77821031185166],[-122.39041057065694,37.777142182059286],[-122.39034932279021,37.77709306314006],[-122.3898570797698,37.77649975447085],[-122.38981083488596,37.77650284256068],[-122.38982115531142,37.77659077682747],[-122.38767818560244,37.776716316407786],[-122.38762779082708,37.77674791590455],[-122.38762237109,37.77674812254566],[-122.38761694713693,37.776748252651075],[-122.38761152130647,37.77674830888703],[-122.38760609582273,37.77674828941553],[-122.38760067070858,37.776748195137266],[-122.38759524934599,37.77674802509706],[-122.387589831758,37.776747780195656],[-122.38758442134929,37.77674746037852],[-122.38757901698504,37.77674706566388],[-122.38757362322792,37.77674659687992],[-122.38756824116709,37.77674605220669],[-122.38756287087134,37.77674543434679],[-122.38755751567666,37.77674474054311],[-122.38755217565192,37.77674397349826],[-122.38754685420196,37.776743133157694],[-122.38754155130383,37.776742218620534],[-122.38753627038531,37.77674123073317],[-122.38753101146933,37.776740170396444],[-122.38752577680287,37.776739036673156],[-122.38752056754383,37.77673783044597],[-122.38751538485006,37.77673655259755],[-122.38751023212635,37.776735203073436],[-122.38750510939569,37.7767337827744],[-122.38750001892797,37.776732291664175],[-122.387494963016,37.77673073060722],[-122.38748994050184,37.77672909872095],[-122.38748495597127,37.77672739773422],[-122.38748000831207,37.77672562856624],[-122.38747510092924,37.776723791162325],[-122.38747023495765,37.776721885504394],[-122.38746541155513,37.776719912475144],[-122.3874606319025,37.77671787385807],[-122.38745589824671,37.77671576871595],[-122.38745121063363,37.77671359885055],[-122.38744657246801,37.77671136420732],[-122.38744198374997,37.77670906478629],[-122.387437446818,37.77670670325363],[-122.38743296162635,37.77670427780767],[-122.3874285305365,37.77670179201549],[-122.38742415579546,37.776699244939806],[-122.38741983629117,37.77669663749976],[-122.38741557658629,37.77669397052344],[-122.3874113744339,37.77669124494807],[-122.38740723439658,37.77668846160181],[-122.38740315536236,37.776685621403665],[-122.38739913851195,37.77668272613722],[-122.38739518720439,37.77667977394621],[-122.38739130039635,37.77667676845221],[-122.38738748149261,37.77667370960072],[-122.38738372938121,37.77667059831079],[-122.38738004746689,37.776667434527866],[-122.38737643468338,37.77666422097269],[-122.38737289330065,37.77666095760895],[-122.38736942449937,37.776657646220094],[-122.38736602827957,37.776654286806185],[-122.38736270695689,37.77665088113255],[-122.38735946055425,37.77664743010009],[-122.38735629134153,37.77664393367243],[-122.38735319938738,37.776640394552075],[-122.38735018471468,37.77663681363998],[-122.38734725072833,37.77663319088151],[-122.3873443963391,37.776629528096635],[-122.38734162270481,37.77662582616799],[-122.3873389310062,37.776622086879115],[-122.38733632124332,37.77661831023],[-122.38733379573173,37.776614497986],[-122.38733135454022,37.77661065284967],[-122.38732899648792,37.776606773037486],[-122.38732672618336,37.77660286117928],[-122.38732454140239,37.77659891911312],[-122.3873224444149,37.77659494680269],[-122.38732043415463,37.77659094696861],[-122.38731851286855,37.77658691867382],[-122.38731667949037,37.776582864638954],[-122.38731493633571,37.77657878662936],[-122.38731328226973,37.776574684663245],[-122.38731171958507,37.77657055960509],[-122.3873102472384,37.776566415076445],[-122.38730886631886,37.77656224925749],[-122.38730757691802,37.776558065751594],[-122.38730638130576,37.77655386452239],[-122.38730527728076,37.77654964830875],[-122.38730426597807,37.776545417092564],[-122.3873033474205,37.77654117177465],[-122.38730252281161,37.77653691503937],[-122.38730179217438,37.77653264778754],[-122.38730115437377,37.77652837003738],[-122.38730061177131,37.776524085355916],[-122.38730016320902,37.77651979286044],[-122.3872998087557,37.776515495253534],[-122.38729954956901,37.776511193417825],[-122.38729938453697,37.77650688827237],[-122.38729931484033,37.77650258160069],[-122.38729933936695,37.7764982743218],[-122.3872994581855,37.77649396913818],[-122.38729967127311,37.776489665149015],[-122.38729998099116,37.776485365921374],[-122.3873003839119,37.77648107060889],[-122.38730088010412,37.77647678191409],[-122.38731081720711,37.77631910109656],[-122.38710322822166,37.776325544256636],[-122.38708173498591,37.776103536179036],[-122.38503294802123,37.77633535181116],[-122.3850316331653,37.77633548368452],[-122.385030911373,37.776335541187656],[-122.38503018935207,37.77633558968232],[-122.38502946705675,37.7763356273669],[-122.3850287422401,37.77633565517846],[-122.38502801830687,37.77633567306256],[-122.3850272941221,37.77633568103734],[-122.38502656855094,37.77633567912101],[-122.38502584497529,37.77633566635825],[-122.38502512117098,37.77633564458702],[-122.38502439709234,37.77633561200563],[-122.38502367389711,37.776335569496815],[-122.3850229527203,37.77633551704241],[-122.38502223244976,37.776335455561366],[-122.3850215141519,37.776335382333095],[-122.3850207956483,37.77633530099718],[-122.38502008141009,37.77633520877857],[-122.38501936805531,37.7763351066325],[-122.38501865671894,37.77633499454083],[-122.38501794853589,37.77633487248545],[-122.38501724352905,37.776334741367116],[-122.38501654054056,37.77633460030326],[-122.38501584184041,37.77633444925747],[-122.38501514629354,37.77633428824792],[-122.38501445392286,37.776334118175534],[-122.3850137658405,37.77633393812124],[-122.3850130809343,37.77633374900403],[-122.38501240145133,37.776333549886814],[-122.38501172514458,37.77633334170668],[-122.38501105541884,37.77633312440927],[-122.38501038886928,37.77633289804889],[-122.38500972774295,37.77633266168852],[-122.3850090720856,37.77633241712977],[-122.38500842185142,37.77633216257103],[-122.38500777822117,37.776331899795764],[-122.38500713890203,37.77633162793947],[-122.38500650616388,37.77633134696585],[-122.3850058800297,37.77633105777574],[-122.38500526047648,37.77633075946826],[-122.38500464752721,37.77633045294431],[-122.38500404115894,37.77633013730304],[-122.38500344141744,37.7763298143461],[-122.38500285052682,37.776329482235525],[-122.385002265128,37.77632914282748],[-122.38500168860301,37.77632879516665],[-122.3850011198168,37.77632843927116],[-122.38500055763451,37.7763280751592],[-122.38500000434883,37.77632770369527],[-122.38499945882491,37.77632732489761],[-122.38499892219757,37.776326938747935],[-122.38499839444401,37.77632654434551],[-122.38499787560991,37.776326143492],[-122.38499736451473,37.776325734403834],[-122.38499686349684,37.77632531974729],[-122.38499637137559,37.77632489773881],[-122.38499588815094,37.77632446837838],[-122.38499541500362,37.77632403344955],[-122.38499495188788,37.77632359115066],[-122.38499449771449,37.77632314330147],[-122.38499405357267,37.77632268808221],[-122.38499361950821,37.7763222272946],[-122.384993195521,37.776321760938536],[-122.38499278161115,37.7763212890141],[-122.3849923800256,37.77632081058415],[-122.38499198738242,37.77632032660393],[-122.3849916048394,37.77631983795615],[-122.3849912346436,37.776319343703705],[-122.38499087452507,37.77631884388285],[-122.3849905256645,37.77631834027713],[-122.38499018803905,37.776317831985715],[-122.38498986162591,37.776317318107786],[-122.38498954647069,37.776316800444995],[-122.38498924255057,37.77631627809646],[-122.38498894988842,37.776315751963146],[-122.3849886695964,37.77631522112595],[-122.38498840058512,37.776314687404756],[-122.38498814396681,37.77631414988055],[-122.38498789860645,37.77631360857148],[-122.3849876645041,37.776313063477595],[-122.38498744397528,37.7763125163642],[-122.3849872347045,37.77631196546601],[-122.38498703784946,37.77631141166563],[-122.38498685229807,37.7763108558821],[-122.38498667916251,37.77631029719642],[-122.38498651960052,37.77630973649129],[-122.3849863713194,37.776309172902145],[-122.38498623549968,37.77630860821252],[-122.38498611325365,37.77630804150344],[-122.38502614543775,37.776275032626955],[-122.38482765078716,37.77539430282],[-122.38488067627644,37.77538850917131],[-122.38487698573684,37.77533014811053],[-122.3869962462329,37.77508194196007],[-122.38692253789502,37.77432803674845],[-122.38181437425324,37.77461522390589],[-122.3814558268399,37.77191749213871],[-122.38467058690782,37.77334040453493],[-122.38467867800823,37.773343916069436],[-122.38468407281076,37.77334613691891],[-122.38468951567472,37.77334828310049],[-122.38469500430742,37.77335035374957],[-122.38470053866307,37.77335234706446],[-122.38470611535985,37.7733542640005],[-122.38471173321716,37.773356102774045],[-122.38471739112298,37.77335786430413],[-122.38472308676168,37.77335954682533],[-122.38472881897557,37.77336114945498],[-122.38473458551772,37.77336267313017],[-122.38474038409532,37.77336411698632],[-122.38474621355074,37.773365480140725],[-122.38475207272619,37.77336676171077],[-122.38475795823976,37.77336796265163],[-122.38476387004569,37.77336908116161],[-122.38476980476229,37.7733701181961],[-122.38477576236646,37.77337107285413],[-122.38478173945369,37.77337194519018],[-122.38478773484321,37.7733727334207],[-122.38479374744588,37.77337343936553],[-122.38479977381125,37.77337406127741],[-122.38480581282728,37.7733746000753],[-122.38481186335899,37.77337505577739],[-122.3848179219561,37.77337542663637],[-122.38482398864129,37.773375713553165],[-122.3848300611448,37.773375916563985],[-122.38483613606189,37.77337603572332],[-122.38484221336981,37.77337607013029],[-122.38484828966365,37.773376019839326],[-122.3848543649893,37.77337588665215],[-122.38486043589617,37.773375668821515],[-122.38486650127228,37.77337536726639],[-122.38675987840125,37.77327255532183],[-122.38657573986106,37.772851236476164],[-122.38657525743204,37.772850078029556],[-122.38657499358837,37.77284939012186],[-122.38657474554162,37.772848698356476],[-122.38657451106779,37.772848004571465],[-122.38657429350287,37.77284730600982],[-122.38657409064577,37.772846605410365],[-122.38657390247357,37.77284590187223],[-122.38657373127897,37.77284519625998],[-122.38657357476922,37.77284448770907],[-122.38657343412508,37.772843778003065],[-122.38657330930076,37.772843065340226],[-122.38657320034196,37.772842351522286],[-122.38657310611384,37.77284163656734],[-122.38657302775128,37.77284092045735],[-122.38657296638915,37.77284020317402],[-122.38657291978065,37.7728394856546],[-122.38657288903762,37.772838766980065],[-122.38657287418309,37.772838048051206],[-122.38657287521697,37.77283732886814],[-122.38657289216223,37.77283661033161],[-122.38657292499586,37.77283589154081],[-122.38657297260599,37.77283517341476],[-122.38657303726224,37.77283445591707],[-122.38657311671787,37.77283373998502],[-122.38657321324261,37.772833025582194],[-122.38657332454373,37.77283231184408],[-122.38657345177904,37.77283159965338],[-122.38657359383656,37.77283088992911],[-122.3865737518283,37.77283018175227],[-122.38657392577714,37.772829476023716],[-122.38657411568296,37.77282877274338],[-122.38657432043392,37.77282807283031],[-122.38657454000708,37.77282737538367],[-122.3865747755602,37.772826681286105],[-122.38657502595832,37.77282599055586],[-122.38657529233647,37.772825303174706],[-122.3865755735597,37.77282461916082],[-122.38657586851596,37.77282393943317],[-122.38657617947506,37.77282326395549],[-122.386576505325,37.77282259364679],[-122.38657684490798,37.77282192762432],[-122.38657720049382,37.77282126585183],[-122.38657756983558,37.772820609266425],[-122.38657795293334,37.7728199578682],[-122.38657835092185,37.77281931163889],[-122.38657876382415,37.77281867147937],[-122.38657918937031,37.77281803742598],[-122.38657962980733,37.77281740854158],[-122.38658008404606,37.77281678664595],[-122.3865805509287,37.772816170856466],[-122.38658103159017,37.7728155611549],[-122.38658152605335,37.77281495844221],[-122.38658203318336,37.772814362736455],[-122.38658255300304,37.77281377493849],[-122.38658308662444,37.77281319412938],[-122.38658363288974,37.772812619426375],[-122.38658419073275,37.772812053550155],[-122.38658476126542,37.77281149558181],[-122.38658534446493,37.77281094462042],[-122.38658593926505,37.772810403386664],[-122.38658654673193,37.77280986915988],[-122.3865871646416,37.77280934377811],[-122.38658779526386,37.77280882720496],[-122.38658843632894,37.77280831947683],[-122.3865890889717,37.77280782057547],[-122.38658975205726,37.77280733051916],[-122.38659042560849,37.77280685020864],[-122.3865911096254,37.772806379643946],[-122.38659180408509,37.77280591792423],[-122.38659250901053,37.772805465950334],[-122.38659322326667,37.77280502374045],[-122.38659394687653,37.772804592195385],[-122.38659467979429,37.772804169513506],[-122.38659542322355,37.772803758379105],[-122.38659617484868,37.77280335702683],[-122.38659693466968,37.772802965456755],[-122.38659770386728,37.77280258545233],[-122.38659848014872,37.772802216149074],[-122.3865992657839,37.77280185751064],[-122.38660005736803,37.772801509591524],[-122.3866008583059,37.77280117233725],[-122.38660166521562,37.77280084670315],[-122.38660248036706,37.77280053265289],[-122.38660330146747,37.77280022932196],[-122.38660412967462,37.772799937593014],[-122.38660496385371,37.77279965748423],[-122.38660580400474,37.772799388995615],[-122.3866066501276,37.7727991321272],[-122.38671656807888,37.77277134055219],[-122.38671195567245,37.772761930026526],[-122.3867092173126,37.77275594475061],[-122.38670660968485,37.772749921333805],[-122.38670413515038,37.77274386334322],[-122.38670179373213,37.77273777167967],[-122.38669958661066,37.772731648126694],[-122.38669751498955,37.77272549536866],[-122.38669557891441,37.772719315207304],[-122.38669377954308,37.77271310852529],[-122.38669211580928,37.772706878043294],[-122.3866905888936,37.7727006255449],[-122.38668920111152,37.77269435279545],[-122.38668795137396,37.7726880616148],[-122.38668683861461,37.77268175472367],[-122.38668586626093,37.77267543296835],[-122.38668503208899,37.77266909818701],[-122.38668433845992,37.772662753946555],[-122.38668378310399,37.77265640028337],[-122.38668336835958,37.77265003986367],[-122.38668309316044,37.77264367540814],[-122.38668295864134,37.77263730689865],[-122.38668296378187,37.77263093885758],[-122.38668310855903,37.77262457038407],[-122.38668339308725,37.77261820598232],[-122.38668381852423,37.77261184653506],[-122.38668438262309,37.7726054929794],[-122.38668508661013,37.77259914890067],[-122.38668593050828,37.772592815199566],[-122.38668691325115,37.7725864945969],[-122.38668803488466,37.772580188894274],[-122.38666257348154,37.77249449917715],[-122.38666223785243,37.77249384576331],[-122.38666195628144,37.772493264482414],[-122.38666168707975,37.77249267849751],[-122.3866614291582,37.772492089628386],[-122.38666118592154,37.77249149782064],[-122.38666095621193,37.77249090219155],[-122.38666073778255,37.772490303678254],[-122.3866605340151,37.772489701325526],[-122.38666034268563,37.77248909697127],[-122.38666016492898,37.77248849059734],[-122.38666000069937,37.77248788040209],[-122.38665985006551,37.77248726908805],[-122.3866597130045,37.772486655754385],[-122.38665958840431,37.77248604132],[-122.38665947848895,37.772485423946996],[-122.38665938216933,37.77248480545521],[-122.38665929831052,37.77248418586276],[-122.38665922918234,37.77248356513335],[-122.38665917251495,37.77248294330329],[-122.38665913060107,37.77248232123707],[-122.38665910230581,37.77248169895294],[-122.38665908760623,37.772481075550004],[-122.38665908654815,37.77248045282995],[-122.38665909908575,37.772479828991045],[-122.38665912528774,37.772479206735916],[-122.38665916510836,37.772478584262835],[-122.3866592185704,37.77247796247261],[-122.38665928680888,37.77247734134713],[-122.38665936757674,37.77247672182351],[-122.38665946200902,37.77247610388365],[-122.38665957008278,37.772475486626654],[-122.38665969182087,37.77247487095339],[-122.38665982722333,37.77247425686386],[-122.38665997517816,37.77247364527709],[-122.3866601379322,37.77247303525588],[-122.38666031326156,37.77247242863823],[-122.38666050223233,37.77247182270344],[-122.38666070493608,37.77247122105497],[-122.38666091905735,37.77247062192738],[-122.38666114802359,37.77247002616705],[-122.38666138954223,37.77246943290945],[-122.38666164363605,37.772468843055435],[-122.38666191146292,37.7724682574877],[-122.38666219186503,37.77246767532355],[-122.38666248486523,37.77246709746379],[-122.38666279046353,37.772466523908484],[-122.3866631086371,37.77246595375676],[-122.38666343943164,37.7724653888103],[-122.38666378284725,37.772464829069094],[-122.38666413770315,37.77246427274967],[-122.38666450520296,37.77246372253636],[-122.38666488530089,37.77246317662743],[-122.3866652769078,37.772462636842846],[-122.38666568000082,37.772462102281644],[-122.38666609457997,37.77246157294391],[-122.386666521803,37.7724610497123],[-122.38666695940015,37.7724605326231],[-122.38666740852916,37.77246002255905],[-122.38666786914429,37.77245951771842],[-122.38666834126843,37.77245901900208],[-122.38666882265471,37.772458527347176],[-122.38666931670775,37.77245804269922],[-122.38666982002287,37.77245756511275],[-122.3866703348699,37.77245709455137],[-122.38667085897897,37.77245663105148],[-122.3866713934851,37.772456174594865],[-122.38667193838822,37.77245572518151],[-122.38667249259926,37.77245528463135],[-122.38667305604943,37.772454850241736],[-122.38667362880754,37.77245442471529],[-122.38667421198555,37.772454007132964],[-122.38667480447141,37.77245359841377],[-122.38667540508453,37.77245319677423],[-122.38667601387061,37.77245280401595],[-122.3866766319417,37.77245241921996],[-122.38667725820869,37.772452044206155],[-122.38667789149083,37.77245167719095],[-122.38667853521585,37.772451319020746],[-122.38667918484404,37.77245096976815],[-122.38667984264521,37.772450629396836],[-122.38668050750736,37.77245029882587],[-122.38668118051966,37.77244997623533],[-122.38668185950388,37.77244966526497],[-122.3866825454804,37.772449361392404],[-122.38668323740595,37.77244906823913],[-122.38668393752731,37.772448784868],[-122.38668464241707,37.77244851043268],[-122.38668535325586,37.77244824671667],[-122.38668606999782,37.7724479919183],[-122.38668679155393,37.77244774785741],[-122.38668751903617,37.772447513614985],[-122.38668825130958,37.77244728920918],[-122.38668898953203,37.77244707552271],[-122.38671411275637,37.77243998193256],[-122.38667931972009,37.7723624163893],[-122.3866447923045,37.7723692351105],[-122.38663133362736,37.77233677168608],[-122.38662083332216,37.77230970332852],[-122.38661093001258,37.77228249293753],[-122.38660162735445,37.77225515036804],[-122.38659292664214,37.77222768190795],[-122.38658483155429,37.77220009831301],[-122.38657734338523,37.7721724058711],[-122.38657046576778,37.772144613536355],[-122.38656420008793,37.772116731200015],[-122.38655854879771,37.77208876603254],[-122.38655351212532,37.772060727042486],[-122.3865490936806,37.772032622283135],[-122.38654529480368,37.77200445984386],[-122.38654211463354,37.77197625055315],[-122.38653955444163,37.771947999797895],[-122.38643891072704,37.77194310007563],[-122.38645887518298,37.77167911768592],[-122.38641367915336,37.771676585776994],[-122.38641670629517,37.77163422095461],[-122.38636941940027,37.771630094900964],[-122.3863704784928,37.77159101674865],[-122.38634587111436,37.77159141052169],[-122.3863492288342,37.77156206111296],[-122.38637383506807,37.77156166735739],[-122.3863835362926,37.77145897588753],[-122.38627657589169,37.771447667669705],[-122.38628575521543,37.77140520440528],[-122.38624859691322,37.77139603346743],[-122.38621361326851,37.77139171048447],[-122.38617518941304,37.77134356616034],[-122.38617365561443,37.77134356727071],[-122.38617217921357,37.77134354853725],[-122.38617070453344,37.77134350814714],[-122.38616923164268,37.771343448802995],[-122.3861677593377,37.77134336782034],[-122.38616628879925,37.771343266982775],[-122.38616482116208,37.77134314627212],[-122.3861633564034,37.77134300478751],[-122.38616189452317,37.77134284252895],[-122.38616043667919,37.77134266037918],[-122.38615898287134,37.77134245833815],[-122.3861575342346,37.771342236387675],[-122.38615609074604,37.771341993627],[-122.38615465245144,37.77134173185772],[-122.38615322043992,37.77134144926003],[-122.38615179362233,37.77134114765379],[-122.38615037538042,37.771340826083694],[-122.3861489634445,37.77134048458601],[-122.38614756008418,37.771340123124446],[-122.38614616421046,37.77133974351883],[-122.38614477691246,37.77133934394936],[-122.38614339821291,37.771338925316826],[-122.38614202924688,37.77133848760316],[-122.38614067114906,37.771338030790055],[-122.38613932167274,37.77133755581481],[-122.38613798306471,37.771337061740226],[-122.38613665648268,37.771336549448954],[-122.38613534079181,37.77133601895918],[-122.38613403712702,37.771335470252744],[-122.3861327454882,37.771334903329674],[-122.38613146701034,37.77133431817173],[-122.3861302017391,37.77133371658068],[-122.38612894962874,37.771333096754844],[-122.3861277107022,37.77133245959499],[-122.38612648611716,37.77133180598386],[-122.3861252769857,37.77133113500242],[-122.38612408219568,37.77133044756973],[-122.38612290288205,37.77132974366759],[-122.38612173904478,37.77132902329601],[-122.38612059070684,37.77132828735581],[-122.38611946011501,37.77132753490989],[-122.38611834504529,37.771326767796204],[-122.38611724772171,37.771325984176734],[-122.386116167078,37.77132518677222],[-122.3861151042033,37.7713243737628],[-122.38611405914331,37.77132354695019],[-122.38611303298721,37.77132270451446],[-122.3861120258036,37.77132184915821],[-122.38611103754671,37.77132097907974],[-122.38611006826227,37.77132009608074],[-122.38610911792755,37.77131919926039],[-122.38610818883492,37.77131828948316],[-122.38610727873773,37.77131736768628],[-122.38610638874785,37.771316432950684],[-122.38610552002307,37.77131548615912],[-122.3861046725634,37.77131452731152],[-122.38610384636878,37.771313556407954],[-122.38610304148504,37.77131257525006],[-122.3861022578664,37.771311582036155],[-122.38610149669346,37.77131057854983],[-122.3861007579662,37.771309564791],[-122.38610004054978,37.77130854077789],[-122.38609934673681,37.771307507374985],[-122.38609867539238,37.771306464600485],[-122.38609802649367,37.771305411553506],[-122.38609740124419,37.77130435091845],[-122.38609679959809,37.77130328089363],[-122.38609622160124,37.771302203280705],[-122.38609566725356,37.771301118079705],[-122.386095137667,37.77130002437166],[-122.3860946306177,37.771298923994486],[-122.38609414953304,37.7712978177946],[-122.38609369209759,37.771296704006694],[-122.38609325946904,37.771295583513314],[-122.38609285055833,37.771294458134456],[-122.38609246761222,37.77129332693289],[-122.38609210838395,37.77129219084574],[-122.38609177512036,37.77129104893588],[-122.38609010231532,37.77128731945187],[-122.3861422170835,37.77126625701208],[-122.38608588649258,37.771183442086425],[-122.38605420384827,37.77119814128158],[-122.38605337764689,37.771198511380305],[-122.38605289802382,37.77119871461702],[-122.38605241481316,37.77119891070143],[-122.38605192688007,37.77119909965172],[-122.38605143424736,37.77119928236869],[-122.38605093804998,37.77119945883424],[-122.38605043713014,37.77119962816566],[-122.3860499337347,37.77119978942577],[-122.38604942677453,37.77119994443444],[-122.38604891622678,37.7712000922908],[-122.38604840211428,37.77120023389575],[-122.3860478866611,37.7712003674112],[-122.38604736648546,37.771200493792556],[-122.38604684499197,37.7712006129853],[-122.38604631991083,37.77120072502572],[-122.38604579237702,37.77120082989569],[-122.38604526352538,37.77120092757708],[-122.38604473219806,37.77120101718716],[-122.38604419844097,37.77120110052765],[-122.3860436633431,37.771201175778664],[-122.38604312692739,37.77120124384108],[-122.38604258803606,37.77120130383219],[-122.3860420489846,37.771201357517384],[-122.38604150859244,37.77120140311311],[-122.38604096685955,37.771201440619436],[-122.38604042496654,37.77120147181977],[-122.3860398828676,37.77120149491254],[-122.38603933942801,37.77120150991584],[-122.38603879580536,37.77120151771239],[-122.38603825313466,37.771201518284],[-122.38603770914601,37.771201511667016],[-122.38603716608642,37.771201496924235],[-122.38603662284382,37.771201474974724],[-122.38603608053022,37.771201444899425],[-122.38603554030331,37.77120140758106],[-122.38603499875863,37.77120136307406],[-122.38603445930057,37.77120131132401],[-122.38603392190647,37.771201251430014],[-122.38603338432934,37.77120118432928],[-122.38603284997383,37.77120110996726],[-122.38603231543529,37.7712010283985],[-122.3860317841184,37.771200939568516],[-122.3860312548653,37.7712008425946],[-122.38603072656416,37.771200738395734],[-122.3860302026194,37.77120062691754],[-122.38602967964944,37.77120050911522],[-122.38602915987816,37.77120038315081],[-122.38602864219362,37.77120024994332],[-122.38602812888848,37.771200110357306],[-122.38602761767004,37.771199963528176],[-122.38602710967322,37.77119980943783],[-122.38602660603281,37.77119964806812],[-122.38602610561406,37.771199479437115],[-122.38602560843975,37.77119930444575],[-122.38602511562192,37.77119912217501],[-122.38602462720627,37.771198934426536],[-122.38602414312427,37.77119873849784],[-122.38602366228669,37.77119853620872],[-122.38602318696336,37.7711983275229],[-122.38602271601934,37.77119811245857],[-122.38602225056664,37.77119789009669],[-122.3860217883813,37.77119766227525],[-122.38602133284503,37.77119742803892],[-122.38602088168814,37.771197187424065],[-122.3860204360454,37.77119694041249],[-122.38601999591687,37.77119668700425],[-122.38601956132541,37.77119642810008],[-122.38601913338306,37.77119616278112],[-122.38601871095486,37.77119589106542],[-122.38601829408665,37.77119561475469],[-122.38601788270974,37.77119533114642],[-122.38601747918544,37.7711950438077],[-122.38601708115243,37.771194749171364],[-122.38601668981421,37.771194449921936],[-122.38601630514798,37.771194145158425],[-122.38601592717653,37.771193835781766],[-122.38601555585416,37.77119351999026],[-122.38601519236146,37.77119319956743],[-122.38601483556359,37.771192874531415],[-122.38601448546054,37.77119254488221],[-122.38601414316429,37.77119220970086],[-122.38601380756282,37.77119186990633],[-122.38601347979106,37.771191525480475],[-122.3860131610067,37.77119117730595],[-122.38601284778233,37.771190824536426],[-122.38601254463444,37.77119046619847],[-122.38601224709228,37.77119010506715],[-122.38601195964955,37.77118973926817],[-122.38601167892448,37.77118936975688],[-122.38601140605192,37.77118899651513],[-122.38601114216685,37.77118861952471],[-122.38601088613429,37.771188238803816],[-122.3860106390892,37.77118785433429],[-122.3860413783732,37.771173874090344],[-122.38589599999216,37.77099760244064],[-122.38589579340031,37.77099724616244],[-122.3858956731299,37.77099702548737],[-122.38589555739892,37.77099680473968],[-122.38589544727361,37.77099658119867],[-122.38589534166492,37.77099635668419],[-122.38589524168475,37.77099613027723],[-122.38589514622115,37.77099590289683],[-122.385895056409,37.77099567452479],[-122.38589496995569,37.770995444296595],[-122.38589489028863,37.77099521305858],[-122.3858948151382,37.77099498084716],[-122.38589474452718,37.77099474856305],[-122.3858946795447,37.77099451438651],[-122.38589462021368,37.770994279218314],[-122.38589456542208,37.77099404397753],[-122.38589451625909,37.770993806844274],[-122.38589447165839,37.77099357053921],[-122.38589443268621,37.77099333234168],[-122.3858943993884,37.7709930940534],[-122.38589437062998,37.77099285569245],[-122.38589434752299,37.77099261633992],[-122.38589432897835,37.770992377815574],[-122.38589431608511,37.77099213829961],[-122.3858943088662,37.7709918986929],[-122.38589430732158,37.77099165899537],[-122.38589430918154,37.7709914192434],[-122.38589431787354,37.770991180283325],[-122.3858943310821,37.77099094034978],[-122.3858943511227,37.77099070120814],[-122.38589437456788,37.77099046201204],[-122.38589440371024,37.770990223626015],[-122.3858944385269,37.77098998514921],[-122.3859207430333,37.77082177767933],[-122.3859208041821,37.77082132429288],[-122.38592082876201,37.770821085078644],[-122.38592084880248,37.770820845936974],[-122.3859208620338,37.770820606904294],[-122.38592087070282,37.77082036704335],[-122.38592087483242,37.77082012725507],[-122.38592087328772,37.77081988755754],[-122.38592086606873,37.770819647950795],[-122.38592085317545,37.77081940843482],[-122.38592083574272,37.77081916899152],[-122.38592081379346,37.77081893052163],[-122.38592078501216,37.77081869125985],[-122.38592075287204,37.770818453854254],[-122.38592071276504,37.7708182156749],[-122.38592066927633,37.77081797845086],[-122.38592062127107,37.77081774220027],[-122.38592056645668,37.77081750605862],[-122.38592050714857,37.77081727179131],[-122.38592044330102,37.770817037596586],[-122.38592037377924,37.770816803492664],[-122.38592029865174,37.77081657218206],[-122.38592021898485,37.77081634094407],[-122.38592013366649,37.77081611069773],[-122.38592004383163,37.77081588142488],[-122.38591994836817,37.770815654044476],[-122.38591984954589,37.770815428520216],[-122.38591974393738,37.77081520400575],[-122.38591963494714,37.7708149804466],[-122.38591951919351,37.77081475879804],[-122.38591940008105,37.77081453900571],[-122.38591927531715,37.77081432020495],[-122.38584786384321,37.77069180024619],[-122.38584747625477,37.77069115667345],[-122.38584720425943,37.77069072844337],[-122.38584692216479,37.770690304880894],[-122.38584663108277,37.77068988506709],[-122.38584633101335,37.7706894690019],[-122.38584602197948,37.77068905758616],[-122.38584570395825,37.770688649919066],[-122.3858453758377,37.77068824691958],[-122.38584503988749,37.77068784855145],[-122.38584469613055,37.77068745571547],[-122.38584434225137,37.77068706664624],[-122.38584398056544,37.770686683109204],[-122.38584360991504,37.77068630422161],[-122.38584323145788,37.77068593086616],[-122.38584284519395,37.77068556304291],[-122.38584244996552,37.77068519986913],[-122.38584204808807,37.770684843110175],[-122.38584163726902,37.77068449190153],[-122.38584121975519,37.77068414530609],[-122.38584079332263,37.77068380516176],[-122.38584036024106,37.77068347143233],[-122.38583992048754,37.77068314321688],[-122.38583947295014,37.770682821434406],[-122.38583901762888,37.77068250608499],[-122.38583855790537,37.770682196213215],[-122.38583808928608,37.77068189369348],[-122.38583761515261,37.77068159757043],[-122.38583713323516,37.77068130788038],[-122.38583664580358,37.77068102458702],[-122.38583615288073,37.77068074859123],[-122.385835652174,37.77068047902843],[-122.38583514711077,37.77068021674499],[-122.38583463655628,37.770679961759114],[-122.38583411935274,37.77067971318808],[-122.38583359781563,37.770679472797276],[-122.38583307074144,37.77067923790231],[-122.38583253822173,37.77067901210656],[-122.38583200132271,37.77067879268937],[-122.38583146011295,37.770678582353256],[-122.38583091336616,37.77067837751298],[-122.38583036230868,37.77067818175378],[-122.38582980689475,37.770677993274006],[-122.38582924825918,37.77067781205539],[-122.38582868526724,37.77067763811618],[-122.38582811796452,37.77067747325808],[-122.38582754744026,37.77067731566115],[-122.38582697485208,37.77067716620816],[-122.38582639793037,37.7706770249354],[-122.38582581778707,37.770676890923895],[-122.38582523444505,37.770676765074455],[-122.385824649062,37.77067664826974],[-122.3858240615922,37.770676538708116],[-122.38582347092374,37.77067643730857],[-122.38582287932624,37.77067634403478],[-122.38582228455287,37.77067625982393],[-122.38582168771565,37.770676183756954],[-122.3858210910614,37.77067611489675],[-122.38582049123129,37.7706760550995],[-122.38581989160703,37.770676003409854],[-122.38581928994176,37.77067596076492],[-122.3858186873246,37.770675925344925],[-122.38581808493618,37.77067589893338],[-122.38581748161874,37.770675880647644],[-122.38581687850716,37.77067587046949],[-122.38581627335456,37.77067586933607],[-122.3858156695427,37.77067587629212],[-122.3858150670715,37.77067589133762],[-122.38581446367127,37.770675914508864],[-122.38581386161175,37.77067594576961],[-122.38581325980384,37.77067598693961],[-122.38581265817889,37.77067603531637],[-122.38581205902946,37.77067609176445],[-122.38581146124363,37.770676157202814],[-122.38581086366361,37.77067623074875],[-122.38581026855918,37.77067631236603],[-122.38580967595317,37.770676402955424],[-122.38580908466496,37.77067650073348],[-122.3858084958752,37.770676607483615],[-122.38580790953809,37.770676721404236],[-122.38580732569942,37.77067684429699],[-122.38580674431343,37.77067697436019],[-122.38580616656068,37.77067711337735],[-122.38580559239556,37.77067725954685],[-122.3858050207288,37.77067741468847],[-122.38580445264951,37.77067757698238],[-122.3858038881807,37.77067774732946],[-122.38580332732232,37.77067792572967],[-122.3858027711863,37.77067811126401],[-122.3858022186607,37.77067830485148],[-122.38580167085746,37.770678505573116],[-122.38580112668753,37.77067871524874],[-122.38580058835194,37.7706789311395],[-122.38580005362675,37.77067915508342],[-122.38579952475882,37.770679386143286],[-122.38579900061329,37.770679624337305],[-122.38579848232499,37.770679869647324],[-122.38579796875909,37.77068012209146],[-122.3857974622082,37.7706803825343],[-122.38579696035674,37.77068064921043],[-122.38579646436263,37.770680923002566],[-122.3857959742028,37.7706812030098],[-122.38579549103514,37.77068149011489],[-122.38579501485954,37.77068178431783],[-122.38579454338347,37.77068208475403],[-122.38579408001146,37.77068239136904],[-122.38579362363156,37.77068270508195],[-122.38579317306319,37.77068302410913],[-122.38579272948691,37.770683350234144],[-122.38579229401472,37.77068368253797],[-122.38579186660087,37.77068401921896],[-122.38579144506713,37.7706843639168],[-122.38579103159174,37.77068471299176],[-122.3857906262204,37.770685068245555],[-122.3857902289303,37.77068542877729],[-122.38578983972143,37.77068579458707],[-122.38578945748176,37.77068616659382],[-122.38578908445817,37.770686543860386],[-122.38578871949292,37.770686925504116],[-122.38578836260889,37.77068731242584],[-122.38578801491808,37.77068770370652],[-122.3857876764662,37.77068810114791],[-122.38578734491495,37.77068850208372],[-122.3857870236917,37.77068890736041],[-122.38578671168457,37.77068931789688],[-122.38578640771289,37.7706897319097],[-122.3857861129344,37.77069015028143],[-122.38578582732629,37.77069057211136],[-122.38578555206905,37.770690999182975],[-122.38578528595929,37.77069142881185],[-122.38578502904276,37.77069186279972],[-122.38578478129651,37.77069230024574],[-122.38578454385551,37.770692741131775],[-122.38578431556188,37.770693184575066],[-122.3857840975735,37.77069363145833],[-122.38578388875544,37.770694081799775],[-122.38578369021967,37.77069453468037],[-122.38578350307824,37.77069498918108],[-122.38578332397223,37.77069544715808],[-122.38578315514859,37.77069590767427],[-122.3857829977421,37.770696370711406],[-122.38578284946021,37.770696835405005],[-122.38578271143773,37.77069730173689],[-122.38578258483247,37.77069777058974],[-122.38578246732885,37.77069824019825],[-122.38578236010765,37.77069871234586],[-122.3857822642578,37.77069918521279],[-122.38578217753256,37.770699659736195],[-122.38578210220166,37.77070013587971],[-122.38578203708447,37.77070061185982],[-122.38578198336151,37.77070108946008],[-122.38578193874031,37.77070156781594],[-122.38578190546767,37.77070204599028],[-122.38578188243162,37.77070252490204],[-122.38578186963218,37.77070300455129],[-122.38578186818123,37.77070348401894],[-122.38578187694402,37.77070396332324],[-122.38579769137228,37.771250258069635],[-122.38562159710548,37.77216242055619],[-122.38555395816451,37.77215419296885],[-122.38568134536116,37.77144438457875],[-122.38551463192647,37.77142991206089],[-122.38546838073941,37.77153058174907],[-122.38533605759028,37.7716515093182],[-122.38528638967584,37.771634400213145],[-122.38564299103686,37.7708475968521],[-122.3856837257019,37.77076430415792],[-122.38572040308856,37.77063706929788],[-122.38572422849846,37.77059196826037],[-122.38555852955324,37.77063724163364],[-122.38315540191685,37.76970889167004],[-122.38337561340066,37.76933266500713],[-122.38556947969843,37.770179725121984],[-122.3854928800776,37.76999052619807],[-122.38547541359253,37.769836723650855],[-122.38501897410185,37.76885719251309],[-122.38489447242884,37.76888196874244],[-122.38478769872023,37.76865661400588],[-122.38500588938199,37.768585755863405],[-122.38500684774705,37.76852979782842],[-122.38503830331919,37.76849701700977],[-122.38500755838703,37.76842873631109],[-122.38508023024477,37.76840624157892],[-122.38504326313891,37.76834141740723],[-122.38510707608896,37.76831833254225],[-122.38516818537899,37.76829576401745],[-122.38514990152049,37.76817587264159],[-122.3851487534535,37.7681706270249],[-122.38514802858197,37.76816684722006],[-122.38514738636924,37.768163058883545],[-122.38514682792736,37.76815926109642],[-122.38514635334771,37.76815545746205],[-122.38514596260745,37.76815164707958],[-122.38514565461742,37.768147831768864],[-122.38514543055815,37.76814401331342],[-122.38514538000706,37.76814287138544],[-122.38470056489341,37.76817098437064],[-122.3846237349177,37.76807482514621],[-122.38388155102285,37.768121728155414],[-122.38384281636276,37.76774521183787],[-122.38245672964783,37.767832792690626],[-122.38244030098505,37.76769176496226],[-122.38490094386103,37.767536276100266],[-122.38487045956528,37.767240007151926],[-122.38582299983376,37.767255000100455],[-122.38593300012704,37.76702699993562],[-122.386615000494,37.765667999757554],[-122.38760599966947,37.76448299979713],[-122.38791700035374,37.76437899995063],[-122.38803699992961,37.76562799988333],[-122.3881639997456,37.76695800007875],[-122.38909900026817,37.7669029997485],[-122.39029000031907,37.766833000235245],[-122.3905889997105,37.76681500033865],[-122.3909179994827,37.76679499987589],[-122.39097599954957,37.76679200024082],[-122.39300100034588,37.76667100036789],[-122.39396799990124,37.76661400005441],[-122.39391900023223,37.76607399968328],[-122.39390500007289,37.76592300006753],[-122.39387600022712,37.76561099989048],[-122.39386200024241,37.76546000025744],[-122.39384800039235,37.76530699992282],[-122.39482899969543,37.76524800001952],[-122.39580699947936,37.76518899961624],[-122.39677100049495,37.76513000005145],[-122.39773699989794,37.76507200040561],[-122.39870300024633,37.7650140000137],[-122.39966199945285,37.7649559999749],[-122.40063300016055,37.76489799955936],[-122.40159900053683,37.76483900024642],[-122.40256299992863,37.76478100040607],[-122.40352700026935,37.764722999852204],[-122.40449699949632,37.76466400045624],[-122.40462299963116,37.765958000438644],[-122.40474999971576,37.76725700007275],[-122.40487499967107,37.76853100040902],[-122.40498999944751,37.76971499992365],[-122.404390999616,37.76975000012866],[-122.40408299972505,37.7699689998337],[-122.40387800040297,37.77006300027747],[-122.40165700030946,37.77181700036525],[-122.39964799952789,37.77340399975236],[-122.39951600019705,37.77350699963792],[-122.39943300014632,37.77357300000445],[-122.40021199957701,37.77419500009303],[-122.40057000032947,37.77448000005069],[-122.40098200024516,37.77480899962391],[-122.40091399952762,37.77486199975775],[-122.39875500023801,37.7765679999094],[-122.39796900051334,37.77594100028761],[-122.39720600011663,37.77533200026262],[-122.39498099968228,37.77708899997994],[-122.39385700034038,37.7779770000286],[-122.39353699968112,37.778229999593165],[-122.3932869997304,37.778427000211586],[-122.39274999947902,37.77885199978907],[-122.39221100044837,37.779277000032],[-122.3910649998131,37.78018200027934],[-122.39052700018703,37.78060699981444],[-122.38975400022655,37.78122100042362],[-122.38939000053614,37.78150899976079],[-122.38916800034876,37.78164899962095],[-122.38899600027179,37.781711000265275],[-122.38875799962716,37.78179799957584],[-122.38833999948007,37.781798000260224],[-122.38830599956547,37.781797999593714],[-122.38809599964077,37.78191199993035],[-122.3880749998142,37.78211200021877],[-122.38807000054344,37.78244900033709],[-122.38762957835273,37.78282465374029],[-122.38755084294603,37.78280152577305],[-122.38753553707703,37.78279891758736],[-122.38752741288673,37.782797679617055],[-122.38752499970315,37.782796999987184],[-122.3875205579595,37.78279670070081],[-122.38751486272633,37.78279591410103],[-122.3875044787889,37.78279462759309],[-122.38749406898113,37.782793484790744],[-122.38748363559596,37.78279248655858],[-122.38747318090341,37.7827916328601],[-122.38746270946649,37.78279092452358],[-122.38745222469028,37.782790361494456],[-122.38744172768676,37.78278994285368],[-122.387431224177,37.78278967031214],[-122.38742071640809,37.782789542932605],[-122.38741020669573,37.78278956248048],[-122.38739969951139,37.782789726180475],[-122.38738919714811,37.78279003489713],[-122.38737870305658,37.78279049037766],[-122.38736822173117,37.78279109074764],[-122.38735775317181,37.78279183600709],[-122.3873473041887,37.782792726047],[-122.38623544908269,37.78285608563443],[-122.38474918111582,37.78293893433924],[-122.38474905312218,37.78293890213942],[-122.38474852264403,37.782938760117716],[-122.38474799654604,37.782938611717576],[-122.3847474725124,37.78293845517352],[-122.38474707188645,37.7829383291002],[-122.38473051829453,37.78292637423024],[-122.38473043323356,37.782926244013495],[-122.38473018354298,37.78292584606571],[-122.38472994402208,37.782925446152944],[-122.38472992737704,37.78292541667912]]],[[[-122.38431936715334,37.778927183578006],[-122.38515659077918,37.77816137692459],[-122.38517749847435,37.778175775578575],[-122.38434018613734,37.77894166400495],[-122.38433574609599,37.77894571831962],[-122.38433139613696,37.77894983247653],[-122.38432713741811,37.778954007358486],[-122.38432297100593,37.77895824024472],[-122.38431889914746,37.778962530198115],[-122.38431492179704,37.77896687541705],[-122.38431104008959,37.7789712758834],[-122.38430725622666,37.778975728858306],[-122.38430357132017,37.77898023342282],[-122.38429998534751,37.77898478867608],[-122.38429649939783,37.77898939279831],[-122.38429311685327,37.77899404483424],[-122.38428983539814,37.778998743018434],[-122.38428665839169,37.77900348549485],[-122.38428358694608,37.77900827134446],[-122.38428062101566,37.7790130987656],[-122.38427776060038,37.779017967758264],[-122.38427500901375,37.7790228746647],[-122.38427236509808,37.7790278186022],[-122.38426982996539,37.779032798651755],[-122.38426740472792,37.77903781389439],[-122.38426509045209,37.77904286160946],[-122.3842628882271,37.77904793997717],[-122.38426079689525,37.779053048114754],[-122.38425881870359,37.77905818508514],[-122.38425695358366,37.779063348185794],[-122.38425520264751,37.77906853649773],[-122.38425356584952,37.779073748219254],[-122.38425204316685,37.77907898244953],[-122.38425063677805,37.77908423554891],[-122.38424934557104,37.779089508436385],[-122.38424817061222,37.77909479839127],[-122.38424711299096,37.779100103593805],[-122.38424617152651,37.779105422260336],[-122.38424534735398,37.7791107543728],[-122.38424463924687,37.77911609634598],[-122.38424405056455,37.77912144632367],[-122.38424357792485,37.779126805261214],[-122.38424322461859,37.77913216860001],[-122.38424298953359,37.77913753725891],[-122.38424285724689,37.77914601795457],[-122.38451364543067,37.78202928055513],[-122.38448603994958,37.782030913205084],[-122.3842151783772,37.77914686407462],[-122.38421521407138,37.77914111018112],[-122.38421537468247,37.77913535699477],[-122.3842156625262,37.77912960628101],[-122.38421607767106,37.779123860742324],[-122.38421661789278,37.77911812221668],[-122.38421728437197,37.779112392487626],[-122.38421807710868,37.7791066715552],[-122.38421899619426,37.779100963022756],[-122.38422003940441,37.77909526872824],[-122.384221207897,37.779089589554374],[-122.38422250169482,37.779083926401995],[-122.3842239197542,37.77907828289262],[-122.38422546096307,37.77907265994524],[-122.3842271264793,37.779067058442564],[-122.38422891412417,37.77906148202416],[-122.38423082503273,37.77905593067195],[-122.38423285698065,37.779050406223895],[-122.38423501003656,37.77904491138258],[-122.38423728308815,37.77903944706684],[-122.38423967731626,37.77903401506035],[-122.38424218936147,37.77902861721916],[-122.38424482038172,37.77902325442595],[-122.3842475693105,37.77901792940139],[-122.38425043387787,37.77901264218177],[-122.38425341533306,37.77900739725315],[-122.3842565113603,37.779002192850164],[-122.38425972093891,37.778997033495074],[-122.38426304291106,37.77899191830522],[-122.38426647848024,37.77898684996504],[-122.38427002428726,37.77898183033054],[-122.38427367924277,37.77897686122155],[-122.38427744334676,37.77897194263811],[-122.38428131550998,37.77896707640001],[-122.384285293531,37.77896226524602],[-122.38428937743264,37.77895751007706],[-122.38429356385568,37.77895281274918],[-122.38429785393508,37.77894817324422],[-122.38430224546941,37.77894359430098],[-122.38430673732371,37.778939075937636],[-122.38431132731948,37.778934621793795],[-122.38431936715334,37.778927183578006]]]]}},{"type":"Feature","properties":{"name":"Excelsior"},"geometry":{"type":"MultiPolygon","coordinates":[[[[-122.42398200023331,37.731551999755176],[-122.42391999958627,37.73155299961696],[-122.42282000012305,37.731640999608544],[-122.42170299946211,37.731806999904315],[-122.42171500056057,37.73160800035557],[-122.42172599944526,37.73143799962307],[-122.42173100041174,37.7313519998162],[-122.4217529998151,37.73108500018827],[-122.42094499977387,37.73130899968074],[-122.42018499977127,37.731462999931274],[-122.41985000018046,37.73147599988086],[-122.41951400054286,37.73149000020724],[-122.41935600035062,37.731439000154914],[-122.41926999977355,37.73133000033251],[-122.41928200055075,37.73116400034496],[-122.41937300047434,37.73043000022352],[-122.41953599950202,37.729129000366356],[-122.41948600023976,37.72904600023603],[-122.41919999990253,37.729081999705734],[-122.4187440002415,37.729089000035245],[-122.4183810000742,37.729039000423406],[-122.41720600021935,37.728839999821204],[-122.4168640002004,37.72879600024179],[-122.41663700025285,37.72880900038167],[-122.41617399946647,37.72891900010596],[-122.41519299974384,37.729222999836466],[-122.41495600021943,37.728658000063575],[-122.41445999966336,37.72745699956069],[-122.41545200000634,37.727197999601415],[-122.41642600016415,37.72694299972897],[-122.41741000011227,37.726684999989665],[-122.41840400046325,37.72642499957692],[-122.41790600012193,37.7252209998074],[-122.41888799964396,37.724966000115884],[-122.41987499999588,37.72471000038346],[-122.42086099980872,37.724453999563394],[-122.4218469996387,37.72419899974296],[-122.4228299998116,37.72394399995633],[-122.42380700003326,37.72369100043021],[-122.42484800015984,37.72205300034942],[-122.42455499973931,37.72164799991637],[-122.42547900039963,37.720232999725766],[-122.4258300000775,37.719302000088575],[-122.4259780004557,37.71910699985097],[-122.42638999971585,37.71856100006424],[-122.42666999969299,37.71707800034701],[-122.42669800036369,37.71704600028947],[-122.42684800002452,37.71665099988984],[-122.42718900029836,37.7157480003169],[-122.4273059996928,37.71507000016337],[-122.42554799960635,37.71451699959146],[-122.42652099966745,37.71180499990714],[-122.42673699963738,37.71122499963084],[-122.42643800022829,37.71111300016158],[-122.42551200056279,37.710788999907635],[-122.4250399994322,37.71054299969484],[-122.42455500038143,37.710171999695966],[-122.424550000487,37.7101020000941],[-122.42441699975436,37.71004700024117],[-122.42397100038123,37.70967800038902],[-122.42344200015428,37.70937599984299],[-122.42335300052575,37.70925100013799],[-122.423764999474,37.70834199970202],[-122.42376533470697,37.708341715746876],[-122.42387754847996,37.708341991699186],[-122.42562399488072,37.70831622959865],[-122.42598900028257,37.70833300027293],[-122.42609099988874,37.70833899992276],[-122.42619299970534,37.70834400001847],[-122.42627000053423,37.70834699990259],[-122.42636599971904,37.70835100029235],[-122.42692700032144,37.70837799956537],[-122.42710600022174,37.70838499972846],[-122.4271640003578,37.70838799989611],[-122.42791500050652,37.70842300029609],[-122.42808199991505,37.70843100021157],[-122.42829399995104,37.708409999696414],[-122.42918199984061,37.7083310001442],[-122.42933307832774,37.70832339832956],[-122.43129454207508,37.70829777162409],[-122.43504229514348,37.70829139209463],[-122.43920595162687,37.70828430530707],[-122.43967699957092,37.70833299995281],[-122.44045900026678,37.708338000030906],[-122.44049692691314,37.70828210714028],[-122.44071019745097,37.70828174474404],[-122.44071100044981,37.70828200007953],[-122.4407809998453,37.70830400017406],[-122.4408550002339,37.708326999551616],[-122.4412230004885,37.70832500020612],[-122.44125800029717,37.708311999855546],[-122.4412580002886,37.708311000389735],[-122.44154599995707,37.70828099972826],[-122.44155334856676,37.70828030900962],[-122.44320693607668,37.708277495059185],[-122.44321199958611,37.7082790003892],[-122.4444819997268,37.708331999572344],[-122.4446920000517,37.70830799957221],[-122.44508900018886,37.70826699964886],[-122.44509499814056,37.70826628144687],[-122.44569136915044,37.70824976271547],[-122.44721718159248,37.70824485214752],[-122.44722500018845,37.70824499956159],[-122.44722561383908,37.70824482449044],[-122.45383436385373,37.708223555113804],[-122.4539830001551,37.70823199961623],[-122.4542809997927,37.70825600025361],[-122.45266500036601,37.70880600023366],[-122.45189500040149,37.70906799977774],[-122.45088399964034,37.70941300016876],[-122.45049899971025,37.709542999682526],[-122.45009500051701,37.709679999636954],[-122.44930899965281,37.70994599960109],[-122.44893100020992,37.710073999858366],[-122.44837700031464,37.71037300030419],[-122.44767200003068,37.710749000033054],[-122.44638300006493,37.71143599980435],[-122.44609099971441,37.71159200017465],[-122.44552800031896,37.71188699971473],[-122.44474300052197,37.71262199982615],[-122.44457100001048,37.71278300034808],[-122.44395200024115,37.71336199970128],[-122.44370599943986,37.7135919999761],[-122.44334600031922,37.71392799984662],[-122.44266200041226,37.71456700040365],[-122.4425649998369,37.71466099979091],[-122.44189599947053,37.71530799990277],[-122.44179900009499,37.71542999983695],[-122.44169099987676,37.71557300035735],[-122.44155400034585,37.71575300024445],[-122.4410199996764,37.71645999965134],[-122.44041799957265,37.717244999628186],[-122.44041800031283,37.717309999946],[-122.44018600016597,37.717623999677656],[-122.44010700043462,37.71766500005063],[-122.44010600017307,37.71771900020957],[-122.43955700049823,37.71844599970658],[-122.43950000043105,37.718466999608935],[-122.43949699953453,37.71852499990279],[-122.43892199987714,37.719286000446644],[-122.43886299990578,37.719309000327094],[-122.43885499957864,37.71937399981338],[-122.43838899975735,37.719991000141796],[-122.43832899948553,37.72001599980644],[-122.4383120002657,37.720093000283256],[-122.43753299976498,37.72112200044424],[-122.43746099971713,37.721164000428026],[-122.43745699981137,37.72122199992438],[-122.4372089997982,37.72155000008133],[-122.43714999972181,37.721574999787194],[-122.43646799966825,37.7224650001857],[-122.43604000024213,37.72304399976723],[-122.43597699959858,37.72313000026645],[-122.43538500039872,37.72390900004992],[-122.43531300018654,37.72400500023756],[-122.43487000003138,37.724587999685625],[-122.43479799970902,37.724683000066086],[-122.43442599990902,37.72517499984985],[-122.43398199962606,37.72576199997489],[-122.43362400007554,37.72623600032669],[-122.43335700000408,37.72658800028571],[-122.43291200004703,37.72717799994098],[-122.43280800016205,37.727315000282566],[-122.43244700022747,37.727636999887444],[-122.43236299958474,37.72771699988521],[-122.43180099988798,37.728249000433934],[-122.43129399961074,37.72873000003446],[-122.43126899950813,37.72880699971511],[-122.4308780001203,37.729209000300315],[-122.43080900049696,37.72922799976696],[-122.4308049997675,37.72928399996224],[-122.4302600003448,37.72983200009606],[-122.4301809998441,37.72985999956033],[-122.43011099999664,37.72993100043001],[-122.43010500035203,37.72998800034949],[-122.42937800035419,37.730719999751585],[-122.42930400014724,37.730742000166885],[-122.4288730004696,37.73117500014209],[-122.42868599961984,37.7313650001506],[-122.42820300027043,37.73185099997734],[-122.42803800020344,37.732016000203544],[-122.4273429995453,37.73186799983626],[-122.42711899984323,37.7318259998107],[-122.42639099943266,37.73168999994527],[-122.42610400006912,37.73165099996744],[-122.42556300022231,37.7315789996982],[-122.42498599980358,37.73156000042932],[-122.4246450000819,37.731548999777644],[-122.42455400052793,37.73154900019379],[-122.42398200023331,37.731551999755176]]]]}}]}
